Time,Anomaly (deg C),Lower confidence limit (2.5%),Upper confidence limit (97.5%)
1850-01,,,
1850-02,,,
1850-03,,,
1850-04,,,
1850-05,,,
1850-06,,,
1850-07,,,
1850-08,,,
1850-09,,,
1850-10,,,
1850-11,,,
1850-12,,,
1851-01,,,
1851-02,,,
1851-03,,,
1851-04,,,
1851-05,,,
1851-06,,,
1851-07,,,
1851-08,,,
1851-09,,,
1851-10,,,
1851-11,,,
1851-12,,,
1852-01,,,
1852-02,,,
1852-03,,,
1852-04,,,
1852-05,,,
1852-06,,,
1852-07,,,
1852-08,,,
1852-09,,,
1852-10,,,
1852-11,,,
1852-12,,,
1853-01,,,
1853-02,,,
1853-03,,,
1853-04,,,
1853-05,,,
1853-06,,,
1853-07,,,
1853-08,,,
1853-09,,,
1853-10,,,
1853-11,,,
1853-12,,,
1854-01,,,
1854-02,,,
1854-03,,,
1854-04,,,
1854-05,,,
1854-06,,,
1854-07,,,
1854-08,,,
1854-09,,,
1854-10,,,
1854-11,,,
1854-12,,,
1855-01,,,
1855-02,,,
1855-03,,,
1855-04,,,
1855-05,,,
1855-06,,,
1855-07,,,
1855-08,,,
1855-09,,,
1855-10,,,
1855-11,,,
1855-12,,,
1856-01,,,
1856-02,,,
1856-03,,,
1856-04,,,
1856-05,,,
1856-06,,,
1856-07,,,
1856-08,,,
1856-09,,,
1856-10,,,
1856-11,,,
1856-12,,,
1857-01,-1.2097889,-2.367659,-0.049061894
1857-02,-0.1665718,-1.7928578,1.461754
1857-03,-0.70561326,-2.292624,0.8834924
1857-04,-1.7006601,-2.8967752,-0.50173277
1857-05,-1.0958458,-1.7694035,-0.41729468
1857-06,-0.17387816,-0.882929,0.5399279
1857-07,-0.12819757,-0.70800793,0.4574311
1857-08,0.00036102263,-0.6536594,0.6595563
1857-09,-0.5035271,-1.0593027,0.058342278
1857-10,-0.73656875,-1.4501888,-0.018182335
1857-11,-0.77880454,-1.6095302,0.05602817
1857-12,0.40993,-0.5305451,1.3540426
1858-01,0.12746254,-1.0033102,1.2611762
1858-02,-1.4619488,-2.951003,0.029354936
1858-03,-0.77816546,-2.2744064,0.7203189
1858-04,-0.37556216,-1.5765384,0.828214
1858-05,-0.5209748,-1.1497792,0.11317295
1858-06,0.06348287,-0.6022539,0.7342564
1858-07,-0.2900318,-0.83065987,0.2568001
1858-08,-0.18229142,-0.8271531,0.46781668
1858-09,-0.1241638,-0.65232885,0.41040817
1858-10,-0.20166059,-0.8550774,0.4569571
1858-11,-1.8674304,-2.6733005,-1.0573286
1858-12,-0.54916227,-1.5112305,0.416461
1859-01,-0.27589884,-1.3434654,0.7947964
1859-02,0.03628051,-1.4245839,1.4994373
1859-03,-0.08984077,-1.5634239,1.38602
1859-04,-0.19584738,-1.3864673,0.9975969
1859-05,-0.054454092,-0.6809567,0.57741034
1859-06,-0.07807912,-0.7377775,0.5867252
1859-07,0.15219833,-0.3757717,0.68654853
1859-08,0.04200065,-0.6190884,0.7082087
1859-09,-0.51658833,-1.0351863,0.008533149
1859-10,-0.18449324,-0.8288487,0.46513554
1859-11,-0.4244273,-1.2413489,0.39666915
1859-12,-1.2157948,-2.1754692,-0.2525563
1860-01,0.024124285,-1.0738293,1.1251217
1860-02,-1.2682419,-2.7496557,0.21543443
1860-03,-1.6584144,-3.17142,-0.14318849
1860-04,-0.48520005,-1.7043606,0.73672074
1860-05,-0.43916973,-1.0660279,0.19305272
1860-06,-0.083616674,-0.7724346,0.6100972
1860-07,-0.14089409,-0.683605,0.40802974
1860-08,0.051135603,-0.60659784,0.71401596
1860-09,-0.31834847,-0.85067356,0.22033694
1860-10,-0.52853835,-1.188908,0.13698022
1860-11,-1.4955695,-2.3098383,-0.6771104
1860-12,-1.9313605,-2.8684008,-0.9906874
1861-01,-2.132883,-3.2386637,-1.0240952
1861-02,0.095328495,-1.4165988,1.6094615
1861-03,0.15254653,-1.4022804,1.7095116
1861-04,-0.6987348,-1.8871838,0.49253184
1861-05,-1.1274228,-1.7162536,-0.5329129
1861-06,0.053719085,-0.5920808,0.70471305
1861-07,-0.064490266,-0.5652939,0.44300812
1861-08,0.25289837,-0.43179533,0.94248694
1861-09,-0.31042504,-0.8193039,0.20507295
1861-10,-0.3259502,-0.97789955,0.33119002
1861-11,-0.6412624,-1.486473,0.20796722
1861-12,-0.36109525,-1.3378996,0.61917645
1862-01,-1.2537457,-2.4131308,-0.09147594
1862-02,-1.3602937,-2.9017277,0.1833156
1862-03,-0.37707612,-1.9739774,1.2219188
1862-04,-0.2454892,-1.4846084,0.9963331
1862-05,-0.17886494,-0.77324826,0.42114547
1862-06,-0.24349727,-0.8816705,0.39993167
1862-07,-0.47162923,-0.9925421,0.055722486
1862-08,-0.6820613,-1.3529361,-0.0061638635
1862-09,-0.30972624,-0.8100332,0.19730999
1862-10,-0.49346545,-1.1405259,0.15882342
1862-11,-0.9601804,-1.8080667,-0.1082883
1862-12,-1.168271,-2.121853,-0.21111783
1863-01,1.1060388,-0.08521341,2.3000839
1863-02,0.31811863,-1.3054681,1.9437599
1863-03,-0.39867836,-1.9506478,1.1554452
1863-04,-0.39257213,-1.6383302,0.8558742
1863-05,-0.36620876,-0.96560323,0.23876539
1863-06,-0.4267051,-1.0781854,0.22992347
1863-07,-0.5457222,-1.0490992,-0.035685193
1863-08,-0.33175495,-1.0143135,0.35574147
1863-09,-0.34203494,-0.8545761,0.17707816
1863-10,-0.67914003,-1.3233557,-0.02967182
1863-11,-0.37771893,-1.2111883,0.45982543
1863-12,-0.5759722,-1.5309222,0.38254392
1864-01,-1.6094793,-2.7730615,-0.44303903
1864-02,-0.7201558,-2.322759,0.88452846
1864-03,-0.36973107,-1.962809,1.2254448
1864-04,-0.7184991,-1.9763914,0.54205513
1864-05,-0.76261574,-1.3577964,-0.16181776
1864-06,0.23706435,-0.3893874,0.8688671
1864-07,-0.22153336,-0.7207697,0.28441587
1864-08,-0.48886567,-1.1472242,0.17460889
1864-09,-0.38543835,-0.86281615,0.09898557
1864-10,-1.3786563,-2.0130181,-0.7389635
1864-11,-1.404144,-2.2251704,-0.57898307
1864-12,-1.4234535,-2.3568442,-0.48641565
1865-01,-0.1472387,-1.2856867,0.9941587
1865-02,-1.2847536,-2.8401616,0.2728189
1865-03,-1.4617783,-3.048827,0.12739713
1865-04,-0.2681974,-1.4721097,0.93852276
1865-05,-0.2859544,-0.8697536,0.30362594
1865-06,-0.20748176,-0.82105887,0.41161108
1865-07,0.094602205,-0.39380124,0.5899323
1865-08,-0.38493088,-1.0347996,0.27017075
1865-09,0.18342331,-0.29775813,0.6716638
1865-10,-0.4761894,-1.1057273,0.1587731
1865-11,0.045194402,-0.7752995,0.86986566
1865-12,-0.47975367,-1.4004197,0.44464475
1866-01,0.64787394,-0.45143852,1.750295
1866-02,-0.57439923,-2.0760164,0.9295002
1866-03,-0.7880123,-2.3261254,0.7523422
1866-04,-0.2214381,-1.3724403,0.93255335
1866-05,-0.7996761,-1.3593606,-0.23382635
1866-06,-0.0062463596,-0.6043706,0.5976359
1866-07,-0.052968673,-0.523658,0.4250315
1866-08,-0.49709496,-1.109342,0.12080136
1866-09,-0.05940344,-0.5170588,0.40579885
1866-10,-0.91155165,-1.5190227,-0.29836118
1866-11,-0.81470275,-1.629011,0.0038751592
1866-12,-0.52859676,-1.4436151,0.39023167
1867-01,-0.56308687,-1.649945,0.5269113
1867-02,0.39626825,-1.1147912,1.9095839
1867-03,-1.8927243,-3.421185,-0.36202815
1867-04,-0.6341207,-1.8091019,0.5437745
1867-05,-1.2560143,-1.816366,-0.6895658
1867-06,-0.33362797,-0.9349358,0.27337775
1867-07,-0.3970946,-0.8628426,0.076002784
1867-08,-0.3114523,-0.93943524,0.32201242
1867-09,-0.1684656,-0.6205857,0.29125172
1867-10,-0.14988814,-0.7502035,0.45618206
1867-11,-0.64001846,-1.4311795,0.15554608
1867-12,-1.1549572,-2.0440075,-0.26199386
1868-01,-1.2954646,-2.3294373,-0.2581773
1868-02,-0.941556,-2.388924,0.50818694
1868-03,-0.33238783,-1.7957611,1.133339
1868-04,-0.8360723,-1.9421502,0.27312323
1868-05,0.11904504,-0.40775302,0.6523712
1868-06,0.06609897,-0.5235673,0.6616194
1868-07,0.31497857,-0.14265276,0.7801085
1868-08,0.07277452,-0.5224441,0.67381054
1868-09,-0.42043585,-0.866542,0.03342088
1868-10,-0.21136443,-0.8078116,0.39089552
1868-11,-1.158523,-1.9524697,-0.3601922
1868-12,-0.3055161,-1.1722376,0.56521624
1869-01,-0.2003285,-1.1956555,0.7984211
1869-02,0.735121,-0.6374079,2.1101394
1869-03,-1.1324034,-2.521553,0.2592115
1869-04,-0.42383698,-1.5095724,0.66505766
1869-05,-0.45076466,-0.96705425,0.07215041
1869-06,-0.483357,-1.0683337,0.107470326
1869-07,-0.40859315,-0.86620414,0.05649898
1869-08,0.14802216,-0.45773098,0.75945884
1869-09,-0.06446936,-0.5104544,0.38921183
1869-10,-0.9735256,-1.5595715,-0.38158974
1869-11,-0.7133693,-1.4924208,0.0701328
1869-12,-0.5521662,-1.3497411,0.2497653
1870-01,-0.010328654,-0.9464111,0.9293786
1870-02,-1.1765976,-2.4710662,0.12050035
1870-03,-1.0823965,-2.395846,0.23365323
1870-04,-0.53991777,-1.5792917,0.50274795
1870-05,-0.14702973,-0.66651666,0.37902516
1870-06,-0.038297866,-0.62756974,0.5567862
1870-07,0.0048752697,-0.45001057,0.46727982
1870-08,-0.74723697,-1.3294202,-0.15915367
1870-09,-0.3101067,-0.76709455,0.15428993
1870-10,-0.571574,-1.1173677,-0.019471543
1870-11,-0.13158041,-0.8581507,0.59975076
1870-12,-1.7797378,-2.5424123,-1.012517
1871-01,-1.2083341,-2.1291416,-0.2838596
1871-02,-1.240967,-2.55333,0.073976986
1871-03,-0.20954601,-1.4841497,1.067721
1871-04,-0.40849343,-1.4619328,0.6481738
1871-05,-0.69936633,-1.2358122,-0.15659618
1871-06,-0.4863923,-1.0732771,0.10629141
1871-07,0.029430533,-0.43332553,0.4995343
1871-08,0.09552709,-0.49017814,0.68706805
1871-09,-0.602364,-1.0630947,-0.13422713
1871-10,-0.67102265,-1.2189764,-0.11680791
1871-11,-1.2420745,-1.9576615,-0.52167237
1871-12,-1.286642,-2.064727,-0.5041167
1872-01,-0.16664991,-1.0413536,0.7119106
1872-02,-0.63177043,-1.873635,0.6128198
1872-03,-0.72417843,-1.9312016,0.48565474
1872-04,-0.15225095,-1.1585647,0.8574391
1872-05,-0.07565808,-0.61645645,0.47140506
1872-06,-0.07839418,-0.66633564,0.51532763
1872-07,-0.1562398,-0.6228776,0.31768385
1872-08,-0.4202311,-0.99784225,0.16329478
1872-09,-0.28286067,-0.716143,0.15830062
1872-10,-0.14673097,-0.6637886,0.37694743
1872-11,-0.51690924,-1.2079872,0.17914666
1872-12,-0.8489586,-1.6212702,-0.07218016
1873-01,-0.15740061,-1.0079238,0.69707656
1873-02,-0.7027945,-1.9101793,0.507385
1873-03,-0.57818425,-1.7085785,0.55521035
1873-04,-1.0065451,-1.9700481,-0.039528433
1873-05,-0.5893462,-1.1166052,-0.055660356
1873-06,0.25289518,-0.34836772,0.85981375
1873-07,-0.16300048,-0.64156324,0.32268918
1873-08,0.08598267,-0.51388574,0.6915622
1873-09,-0.3275796,-0.77834505,0.13077797
1873-10,-0.48317164,-1.0116773,0.051855087
1873-11,-0.9791359,-1.6803114,-0.27303648
1873-12,-0.08965529,-0.84814703,0.67341936
1874-01,0.10164304,-0.74559504,0.9528743
1874-02,-0.47376555,-1.6490394,0.70439655
1874-03,-1.0798662,-2.190496,0.03382387
1874-04,-0.66677713,-1.6192747,0.28929546
1874-05,-0.9266336,-1.4584769,-0.3884036
1874-06,-0.41070375,-1.0396278,0.2235768
1874-07,-0.2323213,-0.7119671,0.25442788
1874-08,-0.33877116,-0.9313169,0.25955293
1874-09,-0.03191122,-0.4922557,0.4357954
1874-10,-0.3016727,-0.84084296,0.24386607
1874-11,-0.7866006,-1.4838504,-0.0844046
1874-12,-0.44154269,-1.1959087,0.31741074
1875-01,-1.12553,-1.8684883,-0.37798193
1875-02,-1.4589459,-2.4650977,-0.44939512
1875-03,-1.4927136,-2.4380963,-0.54370636
1875-04,-0.9988087,-1.8150508,-0.17836206
1875-05,-0.24969508,-0.7433082,0.2508505
1875-06,-0.22236969,-0.77540094,0.33686814
1875-07,-0.22260453,-0.6662965,0.22881596
1875-08,-0.24498619,-0.79818106,0.31444073
1875-09,-0.5710494,-0.98235106,-0.15138613
1875-10,-0.8035305,-1.2794224,-0.32037798
1875-11,-1.2426084,-1.9032489,-0.5767049
1875-12,-1.0606267,-1.7496529,-0.36654177
1876-01,-0.30714822,-1.0492586,0.43957064
1876-02,-0.36145765,-1.3617526,0.6422702
1876-03,-0.4700168,-1.3935148,0.45719898
1876-04,-0.36157182,-1.1700032,0.4511206
1876-05,-0.72934455,-1.2392443,-0.21270356
1876-06,-0.084076695,-0.62475795,0.46298495
1876-07,0.14361891,-0.30399865,0.5989186
1876-08,-0.15815428,-0.7120556,0.4020291
1876-09,-0.16780487,-0.57991385,0.25272116
1876-10,-0.572924,-1.0391868,-0.09916848
1876-11,-1.3730474,-2.0360384,-0.70475477
1876-12,-1.6062098,-2.2971196,-0.9101994
1877-01,-0.25003567,-1.0069041,0.51136285
1877-02,-0.14843291,-1.1563823,0.86292934
1877-03,-0.55606776,-1.454171,0.34586984
1877-04,-0.80752397,-1.6253515,0.014521772
1877-05,-0.9589551,-1.4667703,-0.44435635
1877-06,-0.08154177,-0.6451465,0.48819593
1877-07,0.27251035,-0.19102302,0.7435293
1877-08,0.21785258,-0.35135326,0.7931936
1877-09,-0.36162812,-0.782231,0.06725891
1877-10,-0.49669728,-0.970134,-0.015869811
1877-11,0.09283871,-0.57891846,0.76983684
1877-12,0.12577884,-0.57703376,0.8336164
1878-01,-0.35561866,-1.064721,0.35834044
1878-02,0.36117604,-0.5799502,1.3059793
1878-03,0.60016346,-0.2623586,1.4667048
1878-04,0.28544894,-0.4907447,1.0661186
1878-05,-0.50418925,-1.0414152,0.0394984
1878-06,-0.12673564,-0.6657929,0.41876376
1878-07,-0.0678045,-0.531743,0.40363252
1878-08,0.06673053,-0.48548004,0.62526953
1878-09,0.30027303,-0.11438778,0.723343
1878-10,0.120413475,-0.3390517,0.58749783
1878-11,-0.07414427,-0.72758776,0.5846906
1878-12,-1.0592183,-1.7564588,-0.3569211
1879-01,-0.49929506,-1.2188543,0.22504374
1879-02,-0.50615746,-1.4733058,0.46455964
1879-03,-0.50151867,-1.3560914,0.35709968
1879-04,-0.67804056,-1.4697645,0.11805881
1879-05,-0.61671823,-1.1350043,-0.09175496
1879-06,-0.60719436,-1.141489,-0.06645117
1879-07,-0.36074364,-0.82156473,0.10760195
1879-08,-0.30636564,-0.83540666,0.22925776
1879-09,-0.3369178,-0.74491996,0.079600245
1879-10,-0.15548354,-0.6047594,0.3015565
1879-11,-0.913781,-1.5644257,-0.25773937
1879-12,-1.3340992,-2.0395126,-0.62369436
1880-01,0.02588304,-0.6845057,0.74110883
1880-02,-0.3411202,-1.297772,0.6191299
1880-03,-0.4985034,-1.3156364,0.3228479
1880-04,-0.37280056,-1.1351265,0.39407092
1880-05,-0.21317029,-0.70843786,0.28908083
1880-06,-0.18126635,-0.72870034,0.372475
1880-07,-0.283507,-0.73079926,0.17154083
1880-08,0.086255945,-0.43259338,0.6118342
1880-09,-0.21870078,-0.62374425,0.19494832
1880-10,-1.0498146,-1.4993342,-0.59251654
1880-11,-1.066987,-1.7149984,-0.41354322
1880-12,-0.66586494,-1.3568103,0.030188125
1881-01,-1.2441615,-1.9633638,-0.5201725
1881-02,-0.6560461,-1.5819123,0.27354923
1881-03,-0.7753482,-1.6171445,0.07055803
1881-04,-0.4695701,-1.2010703,0.26666462
1881-05,-0.068431236,-0.5348804,0.40542442
1881-06,-0.62898797,-1.1212668,-0.12967294
1881-07,-0.25723034,-0.6848069,0.17844671
1881-08,-0.066863686,-0.56897587,0.44217056
1881-09,-0.019813841,-0.41374943,0.38292375
1881-10,-0.597633,-1.0391754,-0.14820494
1881-11,-0.67400306,-1.2689797,-0.073136464
1881-12,0.15965624,-0.51953346,0.8440163
1882-01,0.73621154,0.056193467,1.4213219
1882-02,0.073391184,-0.7832514,0.9340894
1882-03,0.12503657,-0.6686919,0.9231462
1882-04,-0.7111147,-1.4109546,-0.0062993513
1882-05,-0.7517673,-1.2092781,-0.28666574
1882-06,-0.6858826,-1.1849501,-0.1798751
1882-07,-0.51737505,-0.9391266,-0.087364234
1882-08,-0.003381075,-0.49222738,0.49261275
1882-09,-0.009464954,-0.39697996,0.38701904
1882-10,-0.3146455,-0.7492226,0.12800662
1882-11,-0.8054104,-1.3876508,-0.21709885
1882-12,-1.0632259,-1.6973644,-0.4235094
1883-01,-1.0587207,-1.7390661,-0.3732611
1883-02,-0.9537933,-1.8128504,-0.090671
1883-03,-1.1218657,-1.9097586,-0.32952747
1883-04,-0.7386676,-1.4071158,-0.06497524
1883-05,-0.6016339,-1.0252415,-0.1697811
1883-06,0.009817461,-0.45172644,0.47896412
1883-07,-0.2844487,-0.6914283,0.13114427
1883-08,-0.38220063,-0.85093117,0.094042495
1883-09,-0.4850146,-0.8557319,-0.10482411
1883-10,-0.52300346,-0.92729694,-0.109985024
1883-11,-0.6410147,-1.2024122,-0.07328716
1883-12,-0.40198475,-1.0162855,0.21811096
1884-01,-0.55342025,-1.2009426,0.09947995
1884-02,-0.48290884,-1.3010004,0.33945507
1884-03,-0.8032506,-1.5747094,-0.027252628
1884-04,-1.0532454,-1.7166631,-0.38455132
1884-05,-1.122262,-1.5732636,-0.6635124
1884-06,-0.75940216,-1.224898,-0.28638646
1884-07,-0.7157043,-1.1265864,-0.29629946
1884-08,-0.21942347,-0.6901552,0.25878063
1884-09,-0.50551105,-0.876681,-0.12489589
1884-10,-0.62945586,-1.0317954,-0.21836871
1884-11,-1.0908629,-1.66262,-0.5129016
1884-12,-0.7634755,-1.4111243,-0.11033018
1885-01,-1.3019019,-1.9830327,-0.61568415
1885-02,-0.88576776,-1.71961,-0.0477627
1885-03,-1.1407136,-1.919647,-0.3573027
1885-04,-0.9527147,-1.6178317,-0.2823459
1885-05,-1.0083497,-1.450339,-0.5584838
1885-06,-0.7438643,-1.2019883,-0.27813098
1885-07,-0.38201085,-0.7860071,0.03061145
1885-08,-0.56667155,-1.0304267,-0.09536587
1885-09,-0.3694717,-0.74269485,0.013111211
1885-10,-0.5871808,-0.9934657,-0.17226335
1885-11,-0.49755028,-1.0497979,0.061088096
1885-12,-0.043765236,-0.66161656,0.57983464
1886-01,-0.8024858,-1.4516655,-0.14794531
1886-02,-1.1522393,-1.9611988,-0.33896405
1886-03,-1.0042456,-1.7877707,-0.21625571
1886-04,-0.4080112,-1.0634029,0.25272265
1886-05,-0.4853546,-0.921173,-0.041526202
1886-06,-0.6157219,-1.0615638,-0.16202496
1886-07,-0.2661109,-0.669603,0.14605483
1886-08,-0.31287363,-0.7657928,0.14781478
1886-09,-0.15668778,-0.518347,0.21467625
1886-10,-0.55067855,-0.9482257,-0.14426395
1886-11,-0.5167912,-1.0767949,0.049555626
1886-12,-0.3621029,-0.9858557,0.26735744
1887-01,-0.79266,-1.4628335,-0.117299505
1887-02,-0.9207179,-1.7369431,-0.1002183
1887-03,-0.64590377,-1.4219139,0.13461034
1887-04,-0.79244745,-1.4425521,-0.13696055
1887-05,-0.46749014,-0.9204385,-0.0068364884
1887-06,-0.46328825,-0.91022944,-0.008549269
1887-07,-0.31568566,-0.7265339,0.10367834
1887-08,-0.4554944,-0.89621204,-0.0068106637
1887-09,-0.3080659,-0.6656038,0.059236582
1887-10,-0.85217124,-1.2527282,-0.44283217
1887-11,-0.6938459,-1.2317382,-0.14936951
1887-12,-0.6413317,-1.2423477,-0.034398746
1888-01,-1.1361532,-1.8141689,-0.4530267
1888-02,-1.044392,-1.8531458,-0.23134059
1888-03,-1.4154758,-2.1990564,-0.6274497
1888-04,-0.3490545,-1.000844,0.3080894
1888-05,-0.77358645,-1.2347043,-0.3049154
1888-06,-0.4875634,-0.9272285,-0.039966647
1888-07,-0.3981372,-0.82244295,0.034395013
1888-08,-0.40388936,-0.8453826,0.04553108
1888-09,-0.23825647,-0.5903069,0.12371163
1888-10,-0.34588134,-0.7418149,0.058912195
1888-11,-0.39487076,-0.9261976,0.14310326
1888-12,-0.29926947,-0.91230065,0.31954905
1889-01,-0.50141245,-1.1978477,0.20001844
1889-02,-0.45052814,-1.2802811,0.38344225
1889-03,-0.27714962,-1.0847862,0.53482825
1889-04,0.00011821824,-0.65896344,0.66452366
1889-05,0.15562673,-0.30282524,0.6217247
1889-06,-0.05867738,-0.51037776,0.40078977
1889-07,-0.25979835,-0.6809066,0.1696485
1889-08,-0.36214435,-0.7928208,0.07668351
1889-09,-0.5257053,-0.87903434,-0.16243821
1889-10,-0.33160204,-0.7348958,0.08045494
1889-11,-0.7256568,-1.2509276,-0.19361566
1889-12,-0.00045797759,-0.59760994,0.60267806
1890-01,-0.25294656,-0.91776484,0.41713986
1890-02,-0.45652384,-1.240172,0.3316045
1890-03,-0.55350435,-1.322301,0.21986806
1890-04,-0.2984283,-0.93949443,0.3481307
1890-05,-0.5874838,-1.0383611,-0.12881419
1890-06,-0.26593074,-0.7179764,0.19387516
1890-07,-0.39191878,-0.8095835,0.034179747
1890-08,-0.38656276,-0.81493765,0.050056722
1890-09,-0.22711766,-0.5778584,0.13367529
1890-10,-0.5351113,-0.9292688,-0.13198097
1890-11,-0.7905032,-1.3191684,-0.25509974
1890-12,-0.71068376,-1.3131464,-0.10228761
1891-01,-0.9655178,-1.6201813,-0.30548796
1891-02,-0.9246187,-1.7012259,-0.1434685
1891-03,-0.66061056,-1.4121524,0.095634736
1891-04,-0.75221515,-1.3638749,-0.13478078
1891-05,-0.46020564,-0.8937355,-0.01856218
1891-06,-0.41411814,-0.83791286,0.01800057
1891-07,-0.39499128,-0.8008085,0.019528946
1891-08,-0.4677529,-0.88346255,-0.043531004
1891-09,-0.2078334,-0.55142653,0.14604479
1891-10,-0.4842154,-0.87141603,-0.08784263
1891-11,-0.9177961,-1.4312214,-0.397402
1891-12,0.13768466,-0.44739515,0.7289035
1892-01,-0.6660692,-1.302409,-0.024193792
1892-02,-0.06368584,-0.8221349,0.6994247
1892-03,-0.89324915,-1.6306059,-0.15108827
1892-04,-0.84900707,-1.4598072,-0.23240563
1892-05,-0.7720041,-1.2055552,-0.3303067
1892-06,-0.40654317,-0.82971245,0.024985459
1892-07,-0.41801786,-0.82906806,0.0016603366
1892-08,-0.308517,-0.7255079,0.1169992
1892-09,-0.2518094,-0.6065511,0.112936825
1892-10,-0.42388996,-0.81380177,-0.024841692
1892-11,-0.8236697,-1.338581,-0.30180565
1892-12,-1.3838469,-1.977674,-0.78395516
1893-01,-2.146186,-2.7655532,-1.5211291
1893-02,-1.566368,-2.309072,-0.8189057
1893-03,-0.605312,-1.3476534,0.1418049
1893-04,-0.67361075,-1.2795717,-0.061806243
1893-05,-0.73254114,-1.1665632,-0.29037917
1893-06,-0.42799675,-0.86022866,0.012431907
1893-07,-0.12382176,-0.5255973,0.28678623
1893-08,-0.3538031,-0.7705071,0.07144865
1893-09,-0.38087595,-0.72963417,-0.021928351
1893-10,-0.25966254,-0.6393515,0.12942421
1893-11,-0.5375608,-1.0375314,-0.030399363
1893-12,-0.34237224,-0.9159053,0.23744793
1894-01,-0.6335975,-1.2479938,-0.013489123
1894-02,-0.43027318,-1.1606551,0.3049299
1894-03,-0.22572125,-0.9658902,0.5192225
1894-04,-0.4543231,-1.0411962,0.1385813
1894-05,-0.5685347,-1.0047134,-0.12425053
1894-06,-0.6012863,-1.0128299,-0.18114166
1894-07,-0.42538095,-0.8213093,-0.020506931
1894-08,-0.34720477,-0.7742868,0.08820638
1894-09,-0.68155414,-1.035254,-0.3178167
1894-10,-0.38188738,-0.7622427,0.007856949
1894-11,-0.42555502,-0.91510755,0.07134741
1894-12,-0.4614087,-1.019504,0.10315372
1895-01,-1.1758498,-1.7695743,-0.5761866
1895-02,-1.5277624,-2.2374887,-0.8130493
1895-03,-0.76620656,-1.4880321,-0.039467715
1895-04,-0.43201378,-1.0141424,0.15620598
1895-05,-0.47074226,-0.8981162,-0.035084546
1895-06,-0.36779067,-0.785215,0.058127772
1895-07,-0.60865825,-0.99626863,-0.21190332
1895-08,-0.3199969,-0.7466978,0.11504387
1895-09,-0.1760081,-0.5243438,0.18248926
1895-10,-0.3325451,-0.7057899,0.050228138
1895-11,-0.4300946,-0.9183444,0.06549179
1895-12,-0.26219803,-0.8253487,0.307343
1896-01,-0.2953023,-0.8951085,0.31038222
1896-02,-0.36223084,-1.0776,0.35808626
1896-03,-0.8667135,-1.5786808,-0.14976498
1896-04,-0.78987855,-1.3644574,-0.20913577
1896-05,-0.3588543,-0.7802649,0.0709468
1896-06,-0.24294695,-0.6516753,0.17443931
1896-07,-0.2176363,-0.6034929,0.17739949
1896-08,-0.2839244,-0.7134516,0.15389669
1896-09,-0.22116269,-0.5621929,0.1302865
1896-10,0.04551624,-0.32891142,0.4294695
1896-11,-0.9455588,-1.4313775,-0.45234355
1896-12,-0.13991524,-0.69507015,0.4217368
1897-01,-0.62759644,-1.2149615,-0.034222994
1897-02,-0.4351366,-1.1281465,0.26298395
1897-03,-0.8440955,-1.5431817,-0.13993
1897-04,-0.09331356,-0.663491,0.4830858
1897-05,-0.060273312,-0.46757084,0.35570887
1897-06,-0.13138564,-0.5348231,0.28083676
1897-07,-0.07919254,-0.4557481,0.30678076
1897-08,-0.18755136,-0.61072266,0.24403962
1897-09,-0.011639558,-0.35552287,0.34257513
1897-10,-0.26309764,-0.63565916,0.11903769
1897-11,-0.481227,-0.9419813,-0.01266415
1897-12,-0.5778763,-1.0974683,-0.051335875
1898-01,0.27320322,-0.31271338,0.8651726
1898-02,-0.46987262,-1.1443939,0.20991702
1898-03,-1.3474697,-2.0252242,-0.66446054
1898-04,-0.7455854,-1.2993402,-0.18540782
1898-05,-0.62992984,-1.0460073,-0.20531094
1898-06,-0.21555576,-0.6168365,0.19459417
1898-07,-0.3224683,-0.69531786,0.0599293
1898-08,-0.13671918,-0.55785495,0.29290023
1898-09,-0.11939669,-0.46655822,0.23804376
1898-10,-0.5656002,-0.9275602,-0.19374983
1898-11,-0.39324468,-0.8275441,0.049357455
1898-12,-0.110538326,-0.5993139,0.38564605
1899-01,-0.13094015,-0.70276827,0.44708246
1899-02,-0.73958015,-1.3803307,-0.09328404
1899-03,-0.84014785,-1.5104427,-0.16453362
1899-04,-0.29278886,-0.8310567,0.2521029
1899-05,-0.5257488,-0.93281215,-0.10994571
1899-06,-0.60583675,-1.0093648,-0.19347385
1899-07,-0.20795171,-0.5768848,0.17064765
1899-08,-0.21499828,-0.6339678,0.21252684
1899-09,0.029899959,-0.32210737,0.39205748
1899-10,-0.20450184,-0.5750897,0.17576358
1899-11,0.26765215,-0.18252729,0.72584754
1899-12,-0.6328116,-1.1297917,-0.12854879
1900-01,-0.520703,-1.1115592,0.076116465
1900-02,-0.44354668,-1.097965,0.2162553
1900-03,-0.47983435,-1.1634078,0.20890342
1900-04,-0.44035295,-0.977699,0.10353921
1900-05,-0.25782117,-0.65103036,0.14429146
1900-06,0.0034313984,-0.39361063,0.40929848
1900-07,-0.23732068,-0.59196573,0.12718114
1900-08,-0.11261235,-0.53675455,0.3198028
1900-09,-0.25199604,-0.5959793,0.10217184
1900-10,0.31596667,-0.04810195,0.6896736
1900-11,-0.19880012,-0.6326093,0.24312639
1900-12,0.15923056,-0.3250826,0.65083706
1901-01,-0.22556649,-0.79243946,0.34741038
1901-02,-0.5511371,-1.1824358,0.08565179
1901-03,-0.121095486,-0.800321,0.56323874
1901-04,-0.039450433,-0.5673808,0.4950421
1901-05,-0.16684045,-0.5455746,0.22099224
1901-06,0.11930551,-0.27911732,0.52639455
1901-07,0.007941224,-0.34054446,0.36631975
1901-08,-0.043060947,-0.4654364,0.3875176
1901-09,-0.09609922,-0.4410248,0.25883022
1901-10,-0.19121772,-0.55600923,0.18305166
1901-11,-0.35323688,-0.7810487,0.08266953
1901-12,-0.41600716,-0.88301855,0.05846672
1902-01,0.051686093,-0.495586,0.6051894
1902-02,-0.0627509,-0.6734012,0.55349314
1902-03,-0.33341074,-0.98178434,0.32023767
1902-04,-0.4766131,-0.98588926,0.039365057
1902-05,-0.42248565,-0.7910775,-0.044681624
1902-06,-0.27519378,-0.66697246,0.12527043
1902-07,-0.42480868,-0.76644135,-0.07324723
1902-08,-0.469232,-0.88263065,-0.047573052
1902-09,-0.3874895,-0.72915304,-0.03586969
1902-10,-0.5571909,-0.91642404,-0.18846947
1902-11,-0.65200275,-1.0643498,-0.23137537
1902-12,-0.85744476,-1.3208225,-0.38666603
1903-01,-0.18285045,-0.72571206,0.36618617
1903-02,0.08213546,-0.5179702,0.68784094
1903-03,-0.19687541,-0.84184915,0.45331526
1903-04,-0.56505233,-1.06062,-0.06271915
1903-05,-0.57543236,-0.9336758,-0.20788868
1903-06,-0.53459907,-0.9226929,-0.13788979
1903-07,-0.49352962,-0.8360134,-0.14132379
1903-08,-0.41371807,-0.8230826,0.0038359838
1903-09,-0.33297363,-0.67145663,0.015376849
1903-10,-0.55746007,-0.9143119,-0.19123033
1903-11,-0.67161113,-1.0940701,-0.24119294
1903-12,-0.8127066,-1.2814038,-0.33681798
1904-01,-0.8224476,-1.3610237,-0.27775863
1904-02,-0.7008866,-1.3027174,-0.09357386
1904-03,-0.9591337,-1.5840033,-0.32898542
1904-04,-0.5680638,-1.0548984,-0.07445349
1904-05,-0.4988531,-0.8579205,-0.13064517
1904-06,-0.47211605,-0.86456543,-0.07126997
1904-07,-0.47871414,-0.8204695,-0.12735759
1904-08,-0.39167377,-0.8001248,0.024857176
1904-09,-0.48656744,-0.82665926,-0.1367987
1904-10,-0.39640242,-0.7548939,-0.028701575
1904-11,-0.30979982,-0.73635703,0.12453108
1904-12,-0.458558,-0.93438184,0.024254592
1905-01,-0.5200692,-1.0425258,0.008583002
1905-02,-1.3547682,-1.9239265,-0.7799168
1905-03,-0.56209075,-1.1742228,0.055343922
1905-04,-0.7059885,-1.1854923,-0.21972893
1905-05,-0.38518736,-0.7368429,-0.02436209
1905-06,-0.11278174,-0.5067053,0.28937033
1905-07,-0.2814747,-0.6219706,0.06851097
1905-08,-0.25082454,-0.6625015,0.16872767
1905-09,-0.18112628,-0.5263292,0.1734511
1905-10,-0.47028255,-0.82139516,-0.10994148
1905-11,-0.010779092,-0.4437357,0.42970183
1905-12,-0.053285602,-0.525224,0.4255777
1906-01,0.07760611,-0.43068737,0.59217995
1906-02,-0.41596293,-0.98761684,0.16129124
1906-03,-0.54398793,-1.1432155,0.0605821
1906-04,0.09929399,-0.36706874,0.5724975
1906-05,0.00026220115,-0.34875047,0.35838917
1906-06,-0.10565624,-0.49951085,0.29630584
1906-07,-0.16808526,-0.505006,0.17828238
1906-08,-0.14980516,-0.5584651,0.26669124
1906-09,-0.2900301,-0.63287723,0.06212344
1906-10,-0.1682153,-0.519265,0.19193642
1906-11,-0.5668285,-0.9811787,-0.1447356
1906-12,-0.15671024,-0.6071197,0.30084336
1907-01,-0.6129284,-1.0863563,-0.13287003
1907-02,-0.7980218,-1.3408675,-0.24937786
1907-03,-0.5795939,-1.1441355,-0.009470432
1907-04,-0.88570744,-1.3380207,-0.42643887
1907-05,-0.9358839,-1.2779295,-0.58468145
1907-06,-0.67595875,-1.0606487,-0.28310376
1907-07,-0.4427878,-0.7877778,-0.08869181
1907-08,-0.5386127,-0.9510792,-0.118487544
1907-09,-0.36559162,-0.70222324,-0.019611428
1907-10,-0.12244623,-0.45722285,0.22171105
1907-11,-0.76689667,-1.1883476,-0.3379321
1907-12,-0.5533615,-1.0138369,-0.0859846
1908-01,-0.16816624,-0.64975893,0.31983268
1908-02,-0.36230844,-0.910396,0.19142346
1908-03,-0.85454583,-1.4223497,-0.28129017
1908-04,-0.57939965,-1.0390408,-0.11303215
1908-05,-0.4446085,-0.7898738,-0.09041159
1908-06,-0.32707104,-0.7101162,0.06405007
1908-07,-0.32222185,-0.6657292,0.03028123
1908-08,-0.47958958,-0.8940305,-0.057660762
1908-09,-0.24283294,-0.5757271,0.09934789
1908-10,-0.52237207,-0.8520567,-0.18330912
1908-11,-0.7396642,-1.1545796,-0.3172592
1908-12,-0.39699805,-0.8438425,0.056815922
1909-01,-0.64540666,-1.1305631,-0.15401185
1909-02,-0.5940685,-1.1632571,-0.019547896
1909-03,-0.81660634,-1.391579,-0.23634572
1909-04,-0.74936736,-1.208746,-0.28338015
1909-05,-0.7302091,-1.0633285,-0.38801986
1909-06,-0.39218965,-0.7693159,-0.007025618
1909-07,-0.3682803,-0.7103063,-0.017398827
1909-08,0.024181573,-0.38822275,0.44396684
1909-09,-0.058928903,-0.38370046,0.27517837
1909-10,-0.08111272,-0.40126568,0.24850717
1909-11,-0.0012309976,-0.41598532,0.42088377
1909-12,-0.63100386,-1.0882415,-0.16706984
1910-01,-0.079914816,-0.5634627,0.4098305
1910-02,-0.3919563,-0.955919,0.17733675
1910-03,-0.3884839,-0.9576253,0.18595152
1910-04,-0.282671,-0.7343735,0.1756984
1910-05,-0.3333835,-0.66388446,0.0061835567
1910-06,-0.29515764,-0.6583466,0.07630386
1910-07,-0.18737634,-0.5274482,0.16154079
1910-08,-0.16603002,-0.55874795,0.23438744
1910-09,-0.19130078,-0.5171778,0.14380768
1910-10,-0.39979282,-0.7107654,-0.07915021
1910-11,-0.7853556,-1.1965833,-0.3668027
1910-12,-0.701444,-1.1638551,-0.23247048
1911-01,-0.61213297,-1.0825695,-0.13540693
1911-02,-0.92327523,-1.4554203,-0.38553965
1911-03,-0.8427719,-1.383308,-0.29672706
1911-04,-0.72231776,-1.1668268,-0.27111542
1911-05,-0.39925912,-0.7256952,-0.06376692
1911-06,-0.40438226,-0.76259154,-0.037892353
1911-07,-0.23297636,-0.5690122,0.11189575
1911-08,-0.2168586,-0.6074537,0.18135965
1911-09,-0.2574581,-0.5779096,0.072263815
1911-10,-0.3634115,-0.6645606,-0.052388456
1911-11,-0.15079375,-0.5617873,0.26750833
1911-12,-0.07292881,-0.5420839,0.40265378
1912-01,-0.46162817,-0.9279054,0.010922569
1912-02,-0.047559246,-0.5870016,0.49732226
1912-03,-0.5769681,-1.1245841,-0.023968628
1912-04,-0.44264016,-0.8886324,0.009957293
1912-05,-0.2720815,-0.5866742,0.05183806
1912-06,-0.06999391,-0.41929048,0.28774935
1912-07,-0.5550995,-0.88522744,-0.2160297
1912-08,-0.6512596,-1.036465,-0.2583474
1912-09,-0.63192517,-0.94722176,-0.30721128
1912-10,-0.7858159,-1.0856336,-0.47610345
1912-11,-0.6015937,-1.0124383,-0.18345247
1912-12,-0.29582912,-0.7453427,0.16037147
1913-01,-0.24167402,-0.7004506,0.2234912
1913-02,-0.68158984,-1.225361,-0.1324073
1913-03,-0.6789507,-1.2219467,-0.13053757
1913-04,-0.2496935,-0.68940336,0.1967118
1913-05,-0.82355815,-1.1349357,-0.5027816
1913-06,-0.6414287,-0.98938566,-0.2850185
1913-07,-0.29212558,-0.61685646,0.04166156
1913-08,-0.13037461,-0.5092246,0.2562744
1913-09,-0.2584503,-0.57064426,0.06318894
1913-10,-0.3123947,-0.6082945,-0.006548238
1913-11,0.1713681,-0.22405255,0.5742969
1913-12,0.26340365,-0.18845037,0.7218538
1914-01,0.52421075,0.053323615,1.0012252
1914-02,0.19972844,-0.35487187,0.759542
1914-03,-0.089908496,-0.6580927,0.48338395
1914-04,-0.3238171,-0.7650194,0.12396713
1914-05,-0.102379054,-0.4120908,0.21665727
1914-06,-0.06389831,-0.4110974,0.29166594
1914-07,-0.09991126,-0.4163977,0.22574396
1914-08,-0.10399677,-0.48341402,0.28310245
1914-09,-0.16220161,-0.46873188,0.15383361
1914-10,0.002165366,-0.2872325,0.30162093
1914-11,-0.363297,-0.76506156,0.045803685
1914-12,-0.3320114,-0.7722744,0.11494979
1915-01,-0.04304412,-0.5252742,0.44510004
1915-02,0.31014174,-0.24643216,0.87187827
1915-03,-0.5947544,-1.1585313,-0.02587931
1915-04,0.10048895,-0.350633,0.5579832
1915-05,-0.25517043,-0.5608692,0.059864987
1915-06,-0.15903667,-0.49882618,0.18915753
1915-07,0.05252195,-0.2654409,0.37949
1915-08,-0.09737706,-0.47696838,0.28981632
1915-09,0.017578725,-0.28419623,0.32889694
1915-10,-0.18625791,-0.4763441,0.11378989
1915-11,-0.001919582,-0.40410906,0.40752986
1915-12,-0.07810733,-0.51458114,0.36506537
1916-01,0.042266205,-0.44078794,0.5312137
1916-02,-0.08663524,-0.6366665,0.4686054
1916-03,-0.70375437,-1.2606114,-0.14175615
1916-04,-0.34006888,-0.77870244,0.10510282
1916-05,-0.35539988,-0.6581594,-0.043241266
1916-06,-0.52076435,-0.85899544,-0.17407334
1916-07,-0.21077242,-0.5302983,0.11770237
1916-08,-0.1861544,-0.56396556,0.1992571
1916-09,-0.29339218,-0.5930432,0.015809065
1916-10,-0.32354146,-0.60823345,-0.02873101
1916-11,-0.46309254,-0.8586506,-0.06017163
1916-12,-0.91556096,-1.3510302,-0.47340655
1917-01,-0.6154626,-1.081902,-0.14287338
1917-02,-1.2925255,-1.8379201,-0.7418578
1917-03,-1.220805,-1.7719442,-0.6644293
1917-04,-0.70863605,-1.1459188,-0.26474223
1917-05,-1.1488028,-1.447374,-0.840601
1917-06,-0.4211083,-0.7578801,-0.07571542
1917-07,-0.06948729,-0.38230494,0.2526161
1917-08,-0.2672834,-0.64158225,0.11483582
1917-09,-0.10284863,-0.40546846,0.20943394
1917-10,-0.55005103,-0.83219385,-0.25758824
1917-11,-0.32932672,-0.7125938,0.061658684
1917-12,-1.2526771,-1.688461,-0.81006444
1918-01,-0.77930164,-1.240157,-0.3121665
1918-02,-0.5709603,-1.091208,-0.045134973
1918-03,-0.5893394,-1.1182916,-0.054881357
1918-04,-0.6265332,-1.0537796,-0.19247244
1918-05,-0.7548994,-1.0519108,-0.44812894
1918-06,-0.4258255,-0.76839995,-0.07474095
1918-07,-0.40427408,-0.72039753,-0.07893864
1918-08,-0.33060694,-0.7041783,0.050830003
1918-09,-0.23067006,-0.53303975,0.0814114
1918-10,0.1697092,-0.113161236,0.46294075
1918-11,-0.2834108,-0.67055905,0.11140827
1918-12,-0.34178463,-0.77265465,0.09598645
1919-01,-0.104806565,-0.56972075,0.36632162
1919-02,-0.28059453,-0.8013128,0.24570863
1919-03,-0.54649997,-1.0555265,-0.031737126
1919-04,-0.07973807,-0.51828474,0.36545825
1919-05,-0.39227727,-0.6967704,-0.078290716
1919-06,-0.11402579,-0.4640611,0.2443552
1919-07,-0.16158558,-0.47556108,0.16171336
1919-08,-0.15376887,-0.5304183,0.23072414
1919-09,-0.070105895,-0.3732278,0.24275568
1919-10,-0.25211492,-0.53337103,0.039646517
1919-11,-0.81334,-1.2279421,-0.39151496
1919-12,-0.55048174,-0.98665917,-0.107409224
1920-01,-0.09496655,-0.54224724,0.35876814
1920-02,-0.4861464,-0.9940944,0.027530633
1920-03,-0.09553633,-0.59738547,0.41214132
1920-04,-0.2842212,-0.7188241,0.15710612
1920-05,-0.2037173,-0.50543386,0.10764749
1920-06,-0.22031175,-0.5580502,0.12610534
1920-07,-0.062307887,-0.37276298,0.25758386
1920-08,-0.16085668,-0.534461,0.22064744
1920-09,-0.054179754,-0.3481961,0.24983461
1920-10,-0.3554854,-0.62620026,-0.073923714
1920-11,-0.55068064,-0.9423962,-0.15132773
1920-12,-0.58596045,-1.008358,-0.1564527
1921-01,0.2999914,-0.12778862,0.73463666
1921-02,-0.14527659,-0.63526726,0.35074008
1921-03,-0.05152794,-0.517282,0.4205914
1921-04,-0.031175653,-0.44282147,0.38768613
1921-05,0.06734288,-0.23771687,0.3821165
1921-06,0.048603,-0.28571978,0.39185154
1921-07,-0.010184515,-0.31880862,0.3081479
1921-08,-0.3406548,-0.7117496,0.03854634
1921-09,-0.18318424,-0.47875103,0.12252397
1921-10,-0.19813861,-0.47210124,0.08684343
1921-11,-0.5989925,-0.96693814,-0.22273625
1921-12,-0.13621892,-0.54587966,0.28094363
1922-01,-0.58098334,-1.0010741,-0.15375485
1922-02,-0.5080957,-0.9866052,-0.023246177
1922-03,-0.35393092,-0.8280845,0.12659906
1922-04,-0.09337896,-0.5059645,0.32658163
1922-05,-0.13691843,-0.42934215,0.16588739
1922-06,-0.14281186,-0.47840336,0.20192873
1922-07,-0.21052474,-0.51115894,0.100314386
1922-08,-0.21547258,-0.5789092,0.15651059
1922-09,-0.16685985,-0.45463678,0.1316304
1922-10,-0.2726098,-0.5449707,0.011137754
1922-11,-0.15774031,-0.51972765,0.21294042
1922-12,-0.21679167,-0.62362075,0.19782683
1923-01,-0.00731198,-0.41367868,0.40669668
1923-02,-0.63423693,-1.0966079,-0.1650984
1923-03,-0.3735731,-0.8489886,0.108450964
1923-04,-0.7316288,-1.1198767,-0.33527693
1923-05,-0.37994814,-0.6634531,-0.08542337
1923-06,-0.28692925,-0.62059164,0.056225322
1923-07,-0.43888274,-0.7339114,-0.13310757
1923-08,-0.42781675,-0.7882224,-0.058527615
1923-09,-0.17556185,-0.45794013,0.118142806
1923-10,-0.036211256,-0.30376115,0.2433421
1923-11,0.17414564,-0.17375714,0.5313874
1923-12,0.162114,-0.23446462,0.56692827
1924-01,-0.4700677,-0.8631651,-0.06884339
1924-02,-0.5124495,-0.9567676,-0.06087704
1924-03,-0.47907946,-0.9478546,-0.0033820444
1924-04,-0.6198896,-1.0062906,-0.22510788
1924-05,-0.33524144,-0.61400765,-0.04485395
1924-06,-0.16537346,-0.49469173,0.1738757
1924-07,-0.17947511,-0.46767306,0.12011359
1924-08,-0.21289758,-0.5701029,0.15363844
1924-09,-0.041798834,-0.32539636,0.25345176
1924-10,-0.14769416,-0.41736805,0.13437355
1924-11,-0.14828019,-0.49709642,0.21021989
1924-12,-0.5511828,-0.95545846,-0.13844839
1925-01,-0.37191364,-0.78633195,0.05050857
1925-02,-0.11006356,-0.56182253,0.34906614
1925-03,-0.28568384,-0.7612948,0.19694732
1925-04,-0.13253021,-0.5053528,0.24929298
1925-05,-0.33862844,-0.61278474,-0.052231144
1925-06,-0.33116564,-0.6511172,-0.0006417947
1925-07,-0.3604821,-0.6443338,-0.0646238
1925-08,-0.079565175,-0.43469384,0.28520325
1925-09,-0.21290839,-0.49222824,0.07867108
1925-10,-0.5077948,-0.76999635,-0.23242511
1925-11,-0.06494612,-0.40085313,0.28142503
1925-12,0.18598089,-0.20961206,0.5905098
1926-01,0.42661643,0.015504286,0.84617066
1926-02,0.47592184,0.025947876,0.9337032
1926-03,0.012673293,-0.46739063,0.50009507
1926-04,-0.36284733,-0.7316082,0.015504545
1926-05,-0.45427465,-0.71680135,-0.17828856
1926-06,-0.1626917,-0.48474294,0.17044412
1926-07,-0.24487084,-0.5298846,0.052754793
1926-08,-0.045930345,-0.40247673,0.32083836
1926-09,0.0011249864,-0.28181812,0.29686636
1926-10,-0.09351119,-0.3581068,0.18481876
1926-11,0.08498187,-0.23596108,0.41746044
1926-12,-0.46486142,-0.8484185,-0.07152783
1927-01,-0.29335538,-0.6991395,0.12148859
1927-02,-0.17348723,-0.61268187,0.27415198
1927-03,-0.42633247,-0.89606506,0.05138863
1927-04,-0.41494718,-0.77772325,-0.041831817
1927-05,-0.45267054,-0.71072125,-0.18013903
1927-06,-0.20780939,-0.52803576,0.12421347
1927-07,-0.004018966,-0.28757384,0.29299092
1927-08,-0.1457012,-0.49654403,0.21613468
1927-09,0.037632227,-0.2437191,0.3325921
1927-10,0.2485481,-0.01197689,0.52377915
1927-11,-0.03811535,-0.3645399,0.300284
1927-12,-0.8085323,-1.1861768,-0.42038286
1928-01,0.06916295,-0.32363147,0.47192132
1928-02,-0.09020271,-0.51797277,0.34674767
1928-03,-0.5193878,-0.9740044,-0.056047063
1928-04,-0.2701821,-0.6280024,0.098762885
1928-05,-0.29127678,-0.54480094,-0.022135358
1928-06,-0.49715522,-0.81625766,-0.16542624
1928-07,-0.09444644,-0.37702963,0.20248367
1928-08,-0.12672076,-0.4757624,0.23417911
1928-09,0.0037712457,-0.2752907,0.2976268
1928-10,-0.023985628,-0.28287718,0.25085738
1928-11,0.079823315,-0.24295434,0.41567078
1928-12,-0.056911226,-0.4358826,0.33332023
1929-01,-0.7324035,-1.1317157,-0.32257062
1929-02,-1.3706416,-1.7977916,-0.93358237
1929-03,-0.5206225,-0.97188103,-0.059900817
1929-04,-0.69378734,-1.0448608,-0.3305127
1929-05,-0.42052424,-0.67376506,-0.15039378
1929-06,-0.42777008,-0.737914,-0.10354755
1929-07,-0.40593985,-0.68000895,-0.11592685
1929-08,-0.15601088,-0.50166243,0.20252658
1929-09,-0.25062284,-0.52203166,0.03714873
1929-10,0.015778031,-0.24176678,0.29071364
1929-11,0.005113261,-0.30615374,0.33094275
1929-12,-0.8337797,-1.1936505,-0.4611285
1930-01,-0.41421452,-0.8154463,-0.0018169187
1930-02,-0.17183709,-0.6035818,0.27024
1930-03,-0.07120794,-0.51814514,0.38577625
1930-04,-0.1795449,-0.52066743,0.17458394
1930-05,-0.3060718,-0.55540234,-0.039215464
1930-06,-0.08052027,-0.38733137,0.24064007
1930-07,0.0065070004,-0.2607974,0.29018402
1930-08,0.055756938,-0.28565714,0.4101412
1930-09,-0.14113624,-0.40900654,0.14309871
1930-10,-0.17887296,-0.43293574,0.092109315
1930-11,0.12096467,-0.1874271,0.44339535
1930-12,-0.12252347,-0.46923226,0.23661828
1931-01,0.0048701363,-0.3732154,0.3944278
1931-02,-0.48818287,-0.8958544,-0.06989877
1931-03,-0.28084695,-0.71100396,0.15928079
1931-04,-0.3839367,-0.7157058,-0.03941556
1931-05,-0.30420494,-0.54881567,-0.042611133
1931-06,0.021182925,-0.2846712,0.3407396
1931-07,0.10968534,-0.15096684,0.38631162
1931-08,0.10361585,-0.24093767,0.46036813
1931-09,-0.025793962,-0.29624465,0.26003954
1931-10,0.16742893,-0.082890384,0.43418005
1931-11,-0.12885377,-0.42385873,0.179999
1931-12,0.08491516,-0.25584903,0.43773615
1932-01,0.83516425,0.45365125,1.2272129
1932-02,-0.47889626,-0.89362735,-0.054482803
1932-03,-0.6777395,-1.1140637,-0.2323099
1932-04,0.015127756,-0.32015523,0.36213592
1932-05,-0.22394414,-0.4649537,0.03308688
1932-06,-0.17983812,-0.48346356,0.13661422
1932-07,-0.07482622,-0.334876,0.19998538
1932-08,-0.048561625,-0.3935568,0.3077171
1932-09,0.09654555,-0.171716,0.37908837
1932-10,0.08692403,-0.16232204,0.35139468
1932-11,-0.29494354,-0.5865948,0.009779634
1932-12,-0.16323648,-0.5069316,0.19153406
1933-01,-0.5336429,-0.9168813,-0.14062765
1933-02,-0.6316101,-1.0299734,-0.22388956
1933-03,-0.5607425,-0.9698302,-0.14255087
1933-04,-0.31648582,-0.6288835,0.007706865
1933-05,-0.21730141,-0.4475873,0.028685465
1933-06,-0.23385684,-0.533564,0.077999294
1933-07,-0.01593179,-0.27073616,0.25299257
1933-08,-0.036498223,-0.37930608,0.316886
1933-09,-0.082525104,-0.3455776,0.19401549
1933-10,-0.07905561,-0.3173309,0.17402287
1933-11,-0.3731801,-0.6416533,-0.09153831
1933-12,-0.8687945,-1.2013113,-0.52563715
1934-01,-0.108856834,-0.49177793,0.28308856
1934-02,0.1144606,-0.27672264,0.51444834
1934-03,-0.46399528,-0.8795359,-0.040226616
1934-04,-0.40190303,-0.7184351,-0.07465921
1934-05,0.20840262,-0.021273786,0.45258996
1934-06,-0.007325406,-0.30721843,0.30374685
1934-07,0.0013782615,-0.2516132,0.26748154
1934-08,-0.0052415784,-0.34657156,0.3458496
1934-09,-0.15342256,-0.4137526,0.1195263
1934-10,0.0057761185,-0.23408255,0.2592964
1934-11,0.18801218,-0.08648672,0.4744882
1934-12,0.09634223,-0.22882533,0.43162447
1935-01,-0.47270843,-0.86421585,-0.07314478
1935-02,0.6907571,0.28786564,1.1014762
1935-03,-0.06516389,-0.49119353,0.3682372
1935-04,-0.59305346,-0.9140718,-0.26234367
1935-05,-0.47781548,-0.70817435,-0.23416576
1935-06,-0.19649044,-0.49595597,0.11318898
1935-07,-0.054714344,-0.30525896,0.20784363
1935-08,-0.048174076,-0.38390413,0.2965749
1935-09,-0.15648791,-0.40948728,0.10832991
1935-10,0.16259351,-0.06951139,0.40748367
1935-11,-0.5809959,-0.8495987,-0.30129313
1935-12,-0.3966697,-0.7221029,-0.062055644
1936-01,-0.40339965,-0.8155307,0.015731594
1936-02,-0.91087383,-1.3255985,-0.48921275
1936-03,-0.46353337,-0.90172654,-0.018799756
1936-04,-0.328387,-0.6645208,0.016200703
1936-05,-0.16881086,-0.419152,0.09274221
1936-06,-0.03442517,-0.3334144,0.27397576
1936-07,0.2681533,0.019662488,0.5278127
1936-08,0.09222746,-0.23937188,0.43225616
1936-09,-0.026728831,-0.28156608,0.23892714
1936-10,0.057310957,-0.17599706,0.3022842
1936-11,0.07622776,-0.18389824,0.34677073
1936-12,0.2096431,-0.12275328,0.5502448
1937-01,-0.25150374,-0.6880743,0.19106029
1937-02,0.1019451,-0.3320305,0.54193145
1937-03,-0.7409677,-1.1993127,-0.27692792
1937-04,-0.3562728,-0.7187116,0.013326499
1937-05,-0.049057934,-0.31550965,0.22700588
1937-06,0.08309164,-0.21187162,0.38670206
1937-07,-0.019321255,-0.2660331,0.23765212
1937-08,0.21678798,-0.11535822,0.5565931
1937-09,0.23963234,-0.014101247,0.50327235
1937-10,0.30461848,0.07299778,0.54696023
1937-11,0.103657536,-0.15670218,0.3735907
1937-12,-0.3524045,-0.6862621,-0.011036813
1938-01,0.1093968,-0.31212962,0.5366778
1938-02,0.10897597,-0.30232832,0.52611476
1938-03,0.28905916,-0.14383851,0.72748244
1938-04,0.33692995,0.0018993982,0.67903554
1938-05,0.059888512,-0.19489451,0.32387486
1938-06,-0.07068301,-0.36079267,0.227523
1938-07,0.07911881,-0.16201498,0.32987598
1938-08,0.12157944,-0.20933698,0.45953256
1938-09,0.24558115,-0.0073085553,0.50755334
1938-10,0.4332365,0.20242739,0.67389524
1938-11,0.31813565,0.059412375,0.5856267
1938-12,-0.4049531,-0.73547345,-0.0675551
1939-01,0.047769904,-0.3756488,0.4763827
1939-02,0.025855733,-0.38690197,0.44391385
1939-03,-0.54634845,-0.9874973,-0.10028372
1939-04,-0.24605796,-0.5872667,0.10146439
1939-05,0.038074825,-0.2213994,0.3057169
1939-06,0.100093514,-0.18906638,0.39658332
1939-07,0.0018024636,-0.23962998,0.2519368
1939-08,0.10116611,-0.22924097,0.43794268
1939-09,-0.14965099,-0.39776886,0.10681767
1939-10,-0.268256,-0.4956082,-0.031847578
1939-11,-0.04247467,-0.29999807,0.22299615
1939-12,0.69658536,0.36019757,1.0390506
1940-01,-0.8049441,-1.2333235,-0.37202585
1940-02,-0.15485574,-0.5804057,0.27524528
1940-03,-0.22245853,-0.66401994,0.22346143
1940-04,-0.021677902,-0.37633014,0.33835912
1940-05,-0.17603165,-0.45107323,0.10582372
1940-06,0.15454456,-0.13504298,0.45058194
1940-07,0.13996857,-0.10300941,0.39056975
1940-08,0.006288863,-0.3212419,0.3394837
1940-09,0.14774863,-0.09866486,0.40159672
1940-10,-0.021297358,-0.24748687,0.21292113
1940-11,-0.06375057,-0.32256746,0.20202081
1940-12,0.28566185,-0.05460911,0.63125134
1941-01,-0.19053856,-0.5860193,0.20946185
1941-02,0.10385761,-0.2671625,0.4796653
1941-03,-0.35899916,-0.7535724,0.04006955
1941-04,-0.048704084,-0.37330264,0.28129077
1941-05,-0.0048506255,-0.25260398,0.2499098
1941-06,0.12941833,-0.14996117,0.41496202
1941-07,0.17843994,-0.056096733,0.4202465
1941-08,0.05395276,-0.2674522,0.38067713
1941-09,-0.2021521,-0.45372888,0.05614353
1941-10,0.1929456,-0.035753578,0.42895216
1941-11,-0.19978657,-0.4364883,0.04392466
1941-12,-0.17041427,-0.49216288,0.15645705
1942-01,0.05394327,-0.32405114,0.43610206
1942-02,-0.45322308,-0.81035304,-0.09173
1942-03,-0.29451925,-0.6856323,0.10055236
1942-04,-0.120433755,-0.42595696,0.19011141
1942-05,-0.105757006,-0.35008952,0.1447608
1942-06,0.098485686,-0.18376881,0.38602966
1942-07,-0.11362877,-0.35231608,0.1312603
1942-08,-0.031473983,-0.35743713,0.29903057
1942-09,0.09626315,-0.15238142,0.35079083
1942-10,0.07318174,-0.15182504,0.3046501
1942-11,0.07863523,-0.14470395,0.3084532
1942-12,-0.0045369426,-0.30945042,0.30507803
1943-01,-0.43369827,-0.79723626,-0.06640366
1943-02,0.2511212,-0.08901572,0.5952442
1943-03,-0.27772602,-0.6549134,0.103029445
1943-04,0.11701897,-0.19245292,0.4307964
1943-05,0.049609378,-0.20273986,0.30717054
1943-06,-0.25621107,-0.53645587,0.028695578
1943-07,-0.005250321,-0.2442518,0.23913771
1943-08,-0.15902507,-0.48580655,0.17171514
1943-09,0.022885956,-0.22904979,0.27986825
1943-10,0.3857084,0.15772128,0.6192056
1943-11,-0.03829082,-0.25525603,0.18440735
1943-12,0.2801983,-0.024590982,0.5890731
1944-01,0.6532347,0.2888635,1.020844
1944-02,0.25145555,-0.088132314,0.594479
1944-03,0.013873595,-0.36620447,0.3969999
1944-04,-0.18707755,-0.48998377,0.11960614
1944-05,-0.0636232,-0.31005025,0.18737221
1944-06,-0.029016916,-0.30754614,0.2535372
1944-07,0.07413806,-0.1618592,0.31480455
1944-08,0.14598091,-0.18508293,0.48035774
1944-09,0.37575376,0.12145488,0.6343085
1944-10,0.3020784,0.07892914,0.5300445
1944-11,-0.07529905,-0.28257307,0.13709022
1944-12,-0.44656694,-0.73712695,-0.15237412
1945-01,-0.32283342,-0.67661273,0.033771764
1945-02,-0.5087377,-0.84183013,-0.17267954
1945-03,-0.26120082,-0.6210823,0.10140269
1945-04,0.19805548,-0.095495276,0.49490103
1945-05,-0.2780161,-0.52547646,-0.026693134
1945-06,-0.12252507,-0.40222746,0.16056588
1945-07,-0.2110046,-0.44654873,0.028517306
1945-08,0.40649933,0.07843649,0.7373972
1945-09,0.15070528,-0.10420372,0.40920937
1945-10,0.0817286,-0.13637663,0.30398458
1945-11,-0.1461649,-0.34392804,0.056118626
1945-12,-0.6979361,-0.9782871,-0.41441602
1946-01,0.08308467,-0.2454148,0.41416046
1946-02,0.09328051,-0.21650745,0.40578339
1946-03,-0.37665102,-0.7267478,-0.024188606
1946-04,0.16853206,-0.11433403,0.45428616
1946-05,-0.11637586,-0.34859186,0.119312316
1946-06,-0.24734665,-0.5195796,0.027819678
1946-07,-0.014670993,-0.24357319,0.21768571
1946-08,-0.060649745,-0.389134,0.27021897
1946-09,0.03443435,-0.21912678,0.29102987
1946-10,-0.18919978,-0.40409306,0.029231843
1946-11,-0.027902642,-0.22820756,0.17613684
1946-12,-0.6370234,-0.91253465,-0.35881898
1947-01,-0.3186063,-0.6434408,0.00837808
1947-02,-0.3537326,-0.65528214,-0.049895067
1947-03,-0.014744711,-0.34572026,0.31828612
1947-04,0.12498308,-0.14935018,0.4017634
1947-05,-0.03442689,-0.26869008,0.2026639
1947-06,0.031505823,-0.23710224,0.3025426
1947-07,-0.06477447,-0.29275566,0.16603313
1947-08,0.0577552,-0.26828787,0.38574934
1947-09,0.059170723,-0.19374949,0.31456384
1947-10,0.36671,0.15466958,0.58165455
1947-11,0.078542285,-0.11810677,0.27827156
1947-12,-0.29951265,-0.5690234,-0.027777638
1948-01,0.37790608,0.07375373,0.68389827
1948-02,-0.11322764,-0.40287435,0.17832318
1948-03,-0.42441946,-0.74918634,-0.09797865
1948-04,-0.040649403,-0.3171435,0.23778008
1948-05,0.12793471,-0.09980185,0.3579844
1948-06,0.11253265,-0.15129128,0.37833062
1948-07,-0.08958841,-0.31756824,0.14064044
1948-08,-0.04765301,-0.36904845,0.27531886
1948-09,0.004490675,-0.24760857,0.2585686
1948-10,0.093998864,-0.11649783,0.3068324
1948-11,-0.020110333,-0.2160777,0.17833272
1948-12,-0.21921891,-0.47776628,0.04118648
1949-01,0.3381262,0.035956334,0.6417653
1949-02,-0.35865775,-0.65185827,-0.06396137
1949-03,-0.4066106,-0.7345021,-0.077396914
1949-04,-0.1406402,-0.40661174,0.12694164
1949-05,-0.12532707,-0.35368332,0.104884475
1949-06,-0.2306582,-0.4900149,0.030318629
1949-07,-0.18299764,-0.40692332,0.042787246
1949-08,-0.067664586,-0.38832888,0.25429127
1949-09,-0.0939648,-0.34442323,0.15813531
1949-10,0.11724501,-0.09813281,0.33452076
1949-11,-0.044181604,-0.23895724,0.15268353
1949-12,-0.3542191,-0.61253345,-0.09432882
1950-01,-0.5948876,-0.8818183,-0.30664313
1950-02,-0.40347368,-0.6762635,-0.12930228
1950-03,-0.26172742,-0.56570387,0.043489408
1950-04,-0.32781693,-0.5842115,-0.06995292
1950-05,-0.16662629,-0.39316595,0.061575096
1950-06,-0.09173608,-0.35133922,0.16931841
1950-07,-0.23560226,-0.4569999,-0.012504611
1950-08,-0.30688885,-0.6218226,0.0092423195
1950-09,-0.14956716,-0.39802712,0.10040885
1950-10,-0.22181985,-0.4337132,-0.008150864
1950-11,-0.7027079,-0.88966656,-0.51373917
1950-12,-0.3544123,-0.6043534,-0.10296405
1951-01,-0.5879704,-0.83697855,-0.33756542
1951-02,-0.85234725,-1.0887063,-0.6145173
1951-03,-0.46433952,-0.73481745,-0.1925752
1951-04,-0.11198622,-0.34566492,0.12318025
1951-05,-0.02494216,-0.23063898,0.18244329
1951-06,-0.11826898,-0.36623868,0.13110326
1951-07,-0.07427024,-0.28837174,0.1414541
1951-08,0.10834541,-0.2070625,0.42485717
1951-09,0.19649507,-0.053768866,0.44814876
1951-10,0.14904371,-0.05606713,0.35584795
1951-11,-0.04758642,-0.21931447,0.12616071
1951-12,0.39341474,0.15807079,0.63023597
1952-01,0.25653255,0.0135295065,0.50085247
1952-02,0.027645513,-0.203477,0.26015222
1952-03,-0.4323665,-0.69662094,-0.1669005
1952-04,-0.04342939,-0.26988155,0.18443537
1952-05,-0.057396106,-0.26033744,0.14712027
1952-06,-0.013979908,-0.2626781,0.23600519
1952-07,0.13510245,-0.07607471,0.34779367
1952-08,0.07946084,-0.2309003,0.39085415
1952-09,0.121028244,-0.12688391,0.37023136
1952-10,-0.14312968,-0.35004923,0.06533485
1952-11,-0.5437572,-0.7158374,-0.36982223
1952-12,-0.22823678,-0.45990774,0.0048151333
1953-01,0.12509248,-0.11313828,0.3645548
1953-02,0.16037329,-0.070066504,0.39208606
1953-03,0.17998572,-0.07691638,0.43803027
1953-04,0.19205454,-0.032188065,0.4176051
1953-05,0.056313656,-0.14630163,0.26037556
1953-06,0.18612757,-0.060656935,0.43410116
1953-07,-0.0078091198,-0.21888155,0.20465235
1953-08,0.15782821,-0.15346459,0.47006452
1953-09,0.10041409,-0.14719987,0.34921315
1953-10,0.1903827,-0.01326917,0.39547387
1953-11,-0.13351376,-0.31128082,0.045900375
1953-12,0.231669,-0.00027166473,0.46487442
1954-01,-0.5063945,-0.74011075,-0.27153185
1954-02,-0.21939437,-0.45106974,0.013437433
1954-03,-0.3543114,-0.6108978,-0.096680395
1954-04,-0.19904116,-0.42794704,0.031035073
1954-05,-0.29030424,-0.49345848,-0.08583216
1954-06,-0.09385294,-0.3373996,0.15079406
1954-07,-0.18525772,-0.39392424,0.024691997
1954-08,-0.060989305,-0.36776033,0.246656
1954-09,-0.008631949,-0.25390428,0.237733
1954-10,0.07249524,-0.12924919,0.2755666
1954-11,0.23677123,0.06429503,0.4107977
1954-12,-0.24121296,-0.46898982,-0.012259991
1955-01,0.36848652,0.14252236,0.5955287
1955-02,-0.15634482,-0.3785833,0.066989705
1955-03,-0.8009243,-1.04744,-0.55341995
1955-04,-0.37559178,-0.5938748,-0.15619293
1955-05,-0.2027056,-0.40355057,-0.00064853125
1955-06,-0.10478237,-0.35168156,0.14310384
1955-07,-0.1999271,-0.40769187,0.009009618
1955-08,0.03440867,-0.27324688,0.34285688
1955-09,-0.027931305,-0.27480748,0.21993199
1955-10,-0.03318589,-0.23655097,0.17137638
1955-11,-0.4133357,-0.58074576,-0.2444734
1955-12,-0.48687792,-0.70957625,-0.2630858
1956-01,-0.36091045,-0.58363014,-0.13720097
1956-02,-0.71202385,-0.925213,-0.49780086
1956-03,-0.58165103,-0.8213203,-0.34106165
1956-04,-0.5259264,-0.7356851,-0.31511703
1956-05,-0.43153918,-0.6222635,-0.23965994
1956-06,-0.27968478,-0.5168071,-0.041632555
1956-07,-0.27763683,-0.47738054,-0.07679002
1956-08,-0.4051128,-0.70059645,-0.10888235
1956-09,-0.41555253,-0.64831585,-0.18184192
1956-10,-0.33220088,-0.52663046,-0.13663822
1956-11,-0.5093468,-0.6790023,-0.3383939
1956-12,-0.39738148,-0.62095016,-0.17282675
1957-01,-0.27051723,-0.48723873,-0.05288005
1957-02,-0.26176637,-0.46855748,-0.05401588
1957-03,-0.4726855,-0.7072217,-0.2373029
1957-04,-0.16200195,-0.36166912,0.038658723
1957-05,-0.13181387,-0.3135178,0.05098124
1957-06,0.060331825,-0.16509068,0.28663477
1957-07,-0.17218158,-0.362534,0.019212695
1957-08,0.030251747,-0.2506618,0.3118723
1957-09,0.05779694,-0.16428278,0.28077033
1957-10,-0.08924914,-0.27811578,0.100667514
1957-11,0.13265787,-0.026134491,0.29269767
1957-12,0.3016129,0.09501506,0.5091711
1958-01,0.45766082,0.24686788,0.66929626
1958-02,0.21977292,0.02138435,0.41905642
1958-03,-0.07318315,-0.29605827,0.15048894
1958-04,0.006877773,-0.19102369,0.20567636
1958-05,0.028039975,-0.15623914,0.2132822
1958-06,-0.07729082,-0.29998577,0.14620174
1958-07,0.014007701,-0.17624746,0.20519587
1958-08,-0.051159784,-0.3310045,0.22932006
1958-09,-0.114826046,-0.339562,0.1107003
1958-10,-0.004146746,-0.19082879,0.18348607
1958-11,0.058345668,-0.0957449,0.21358675
1958-12,-0.0021768392,-0.20777762,0.2042876
1959-01,0.10428761,-0.09037703,0.29976317
1959-02,0.07172289,-0.12010432,0.26437297
1959-03,0.18740466,-0.018903319,0.39447796
1959-04,0.05492828,-0.13420692,0.24489802
1959-05,-0.1262688,-0.3067789,0.055115525
1959-06,0.11742123,-0.10656715,0.34211475
1959-07,0.040006123,-0.14732675,0.22818153
1959-08,0.008957897,-0.26807934,0.28656554
1959-09,0.04895639,-0.17374764,0.2723696
1959-10,-0.14862342,-0.33490315,0.038503572
1959-11,-0.16604836,-0.32047254,-0.010603182
1959-12,-0.019885436,-0.21775006,0.17877707
1960-01,0.028658843,-0.16969791,0.22771811
1960-02,0.3603964,0.1733004,0.548237
1960-03,-0.69186175,-0.8961548,-0.48688653
1960-04,-0.32029164,-0.5057492,-0.13408291
1960-05,-0.31725317,-0.4947382,-0.13898338
1960-06,0.055772167,-0.16750394,0.27967262
1960-07,-0.09275058,-0.27815238,0.09340263
1960-08,-0.009455428,-0.28318492,0.26478356
1960-09,0.05306646,-0.16902249,0.27578306
1960-10,0.0076018553,-0.18084821,0.19679122
1960-11,-0.22242299,-0.37551048,-0.06842633
1960-12,0.31647587,0.12165187,0.5120151
1961-01,0.07996464,-0.109428875,0.2700021
1961-02,0.2468419,0.067191176,0.42717135
1961-03,0.086797826,-0.11430901,0.28851122
1961-04,0.1123049,-0.070679955,0.29595616
1961-05,0.10115147,-0.07647537,0.27946472
1961-06,0.0867917,-0.1307087,0.30485305
1961-07,-0.018482048,-0.20267361,0.16637157
1961-08,-0.022649089,-0.29715338,0.25229988
1961-09,0.051339585,-0.17007002,0.27330026
1961-10,-0.05761669,-0.24886258,0.13426691
1961-11,0.0018807483,-0.1403737,0.1449914
1961-12,-0.18962358,-0.3834655,0.004847539
1962-01,0.17552523,-0.0093434,0.3609658
1962-02,0.2541526,0.07887846,0.4300299
1962-03,-0.022695316,-0.2209434,0.1760862
1962-04,0.03705399,-0.14307693,0.21777183
1962-05,-0.097427115,-0.27804953,0.08378063
1962-06,-0.14824913,-0.37018904,0.074167386
1962-07,-0.04331318,-0.23220491,0.14613834
1962-08,-0.065634914,-0.3446895,0.21379888
1962-09,-0.021805188,-0.2448271,0.20169105
1962-10,0.11943725,-0.07272219,0.31214696
1962-11,0.07634251,-0.0693012,0.22271149
1962-12,0.05427248,-0.14060794,0.24969552
1963-01,-0.07751709,-0.26229808,0.107754566
1963-02,0.38094863,0.20646717,0.5559497
1963-03,-0.31552407,-0.5140907,-0.1165007
1963-04,-0.22292385,-0.40154997,-0.04379021
1963-05,-0.17746904,-0.35463697,0.00021058712
1963-06,-0.1309245,-0.34768915,0.0862586
1963-07,0.048388757,-0.13703603,0.23430252
1963-08,0.03546202,-0.2388089,0.31006378
1963-09,0.14450987,-0.07593251,0.3653637
1963-10,0.3987076,0.21044685,0.58744997
1963-11,0.27319977,0.12389988,0.42310652
1963-12,-0.11423078,-0.3114087,0.08340703
1964-01,-0.03941328,-0.22169608,0.1432906
1964-02,-0.25733775,-0.43382013,-0.08042049
1964-03,-0.49141997,-0.6904631,-0.29199114
1964-04,-0.33402234,-0.5151151,-0.15250577
1964-05,-0.17966671,-0.3571047,-0.001796194
1964-06,-0.24832407,-0.46612927,-0.030166341
1964-07,-0.20034692,-0.3851154,-0.015162992
1964-08,-0.26854286,-0.5428202,0.0060145045
1964-09,-0.27856982,-0.4992185,-0.057573166
1964-10,-0.3881444,-0.5753038,-0.20057489
1964-11,-0.30136028,-0.44512877,-0.1570583
1964-12,-0.43118924,-0.62644094,-0.2355444
1965-01,-0.06971789,-0.25022048,0.11113925
1965-02,-0.44705307,-0.6184031,-0.27532962
1965-03,-0.28488737,-0.48146927,-0.087979905
1965-04,-0.46287507,-0.64298415,-0.28241065
1965-05,-0.24557258,-0.4254885,-0.06530097
1965-06,-0.1371221,-0.3576796,0.08372568
1965-07,-0.3042749,-0.4879798,-0.12022161
1965-08,-0.22786672,-0.5059759,0.050472677
1965-09,-0.19294152,-0.41492456,0.029329922
1965-10,-0.05140497,-0.23893578,0.13646711
1965-11,-0.2212121,-0.36469486,-0.07728356
1965-12,-0.14455955,-0.34194493,0.053150102
1966-01,-0.21040022,-0.39024365,-0.030265452
1966-02,-0.12890291,-0.29569256,0.038200855
1966-03,-0.13532332,-0.33168826,0.06130847
1966-04,-0.26644108,-0.44305888,-0.089526586
1966-05,-0.19365783,-0.37183622,-0.015185404
1966-06,0.065753005,-0.1515077,0.28325495
1966-07,-0.0051772157,-0.18741108,0.17734419
1966-08,0.018433653,-0.25500953,0.29206854
1966-09,-0.019106494,-0.23945434,0.2014792
1966-10,-0.17769827,-0.36367142,0.008556635
1966-11,-0.1484123,-0.29542148,-0.0010468371
1966-12,-0.35268423,-0.5509434,-0.15416074
1967-01,-0.3019813,-0.48248702,-0.12124314
1967-02,-0.44634336,-0.61447185,-0.27796534
1967-03,-0.09509187,-0.29285946,0.10288787
1967-04,-0.070647985,-0.24769841,0.106639385
1967-05,0.13493022,-0.04422345,0.31431806
1967-06,-0.21379781,-0.43265432,0.0052504465
1967-07,-0.11263183,-0.29544553,0.07041137
1967-08,-0.07454981,-0.3493395,0.20039259
1967-09,-0.122663185,-0.3421872,0.09705196
1967-10,0.34921485,0.16337043,0.535285
1967-11,0.021333724,-0.12680426,0.16975482
1967-12,-0.12685426,-0.3224158,0.06892183
1968-01,-0.35608047,-0.5360035,-0.17597592
1968-02,-0.2721484,-0.43988818,-0.104213856
1968-03,0.33838952,0.1434908,0.53345585
1968-04,-0.20452276,-0.3828682,-0.025994176
1968-05,-0.3097603,-0.48993382,-0.12940551
1968-06,-0.28829637,-0.50851935,-0.06792505
1968-07,-0.21269879,-0.3952968,-0.029921861
1968-08,-0.18755658,-0.4636217,0.0886269
1968-09,-0.19483308,-0.41531914,0.025801158
1968-10,-0.11500983,-0.30071232,0.070868574
1968-11,-0.25293773,-0.39594746,-0.10969965
1968-12,-0.41375563,-0.60672176,-0.22062019
1969-01,-0.6164433,-0.7964575,-0.43629268
1969-02,-0.72615165,-0.8945973,-0.5575604
1969-03,-0.28512624,-0.47895995,-0.09116593
1969-04,-0.0025670207,-0.17977728,0.17478171
1969-05,-0.0033472246,-0.18140271,0.17484608
1969-06,-0.08231132,-0.29881677,0.1343075
1969-07,0.03212552,-0.15049104,0.21487647
1969-08,-0.02553237,-0.29860353,0.24762867
1969-09,-0.067665316,-0.2859777,0.15075949
1969-10,-0.036568083,-0.22111048,0.14810729
1969-11,0.18169922,0.03841667,0.325153
1969-12,0.2717041,0.078797944,0.46473747
1970-01,-0.034043904,-0.21309415,0.14510447
1970-02,0.31938875,0.15363692,0.4852466
1970-03,-0.24789256,-0.4419689,-0.05372566
1970-04,0.016201241,-0.1596292,0.19213162
1970-05,-0.09933816,-0.27573115,0.07715442
1970-06,0.09074133,-0.12479091,0.30635512
1970-07,-0.012662696,-0.19478919,0.16956028
1970-08,-0.06352599,-0.33681786,0.2098302
1970-09,0.008729259,-0.20991659,0.22745548
1970-10,-0.17250402,-0.35793588,0.013022585
1970-11,-0.089415304,-0.23386413,0.055155136
1970-12,-0.3168758,-0.511831,-0.12183049
1971-01,-0.08652833,-0.2651522,0.09216139
1971-02,-0.42603242,-0.592956,-0.25903836
1971-03,-0.47281483,-0.6650156,-0.28055286
1971-04,-0.36310014,-0.53876877,-0.18736458
1971-05,-0.2964496,-0.47247484,-0.12035754
1971-06,-0.29930782,-0.51508486,-0.08347627
1971-07,-0.17222181,-0.35514385,0.01076451
1971-08,-0.11612587,-0.3888578,0.15664922
1971-09,-0.010218444,-0.22871836,0.20833531
1971-10,-0.09342156,-0.27717555,0.090396434
1971-11,-0.03309245,-0.17345761,0.10735651
1971-12,-0.07956698,-0.26908877,0.110016905
1972-01,-0.77790827,-0.96371645,-0.59206176
1972-02,-0.6484979,-0.82064867,-0.47630578
1972-03,-0.27070552,-0.46822852,-0.073146485
1972-04,-0.17727934,-0.35760048,0.0030812614
1972-05,-0.20843038,-0.3847255,-0.032094862
1972-06,-0.05115269,-0.26759923,0.16532671
1972-07,-0.07263534,-0.2563646,0.11113268
1972-08,-0.074305356,-0.3468088,0.19822419
1972-09,-0.221952,-0.4407418,-0.0031296804
1972-10,-0.09055737,-0.275517,0.09444074
1972-11,-0.25205564,-0.398857,-0.10520584
1972-12,0.089599706,-0.10429446,0.28353056
1973-01,0.16353954,-0.02283452,0.3499331
1973-02,0.54268456,0.36785957,0.7175303
1973-03,0.38765413,0.18946335,0.58586323
1973-04,0.27472818,0.094529435,0.4549471
1973-05,0.16403092,-0.015276119,0.34335822
1973-06,0.26323438,0.045667645,0.48081782
1973-07,0.09971668,-0.083071135,0.28252438
1973-08,0.039946344,-0.23317507,0.31308106
1973-09,-0.041409276,-0.26058412,0.17778213
1973-10,-0.009270064,-0.19441433,0.17589381
1973-11,-0.13749501,-0.2822262,0.007261254
1973-12,-0.08510932,-0.278678,0.108478114
1974-01,-0.4510055,-0.6357463,-0.2662576
1974-02,-0.6165822,-0.788879,-0.4442779
1974-03,-0.19009073,-0.38366678,0.0034920906
1974-04,-0.15201373,-0.3307526,0.026732458
1974-05,-0.23969184,-0.41682836,-0.06254794
1974-06,-0.1883714,-0.4041131,0.02737635
1974-07,-0.08463381,-0.26779065,0.09853015
1974-08,-0.119604126,-0.39219502,0.15299156
1974-09,-0.23988876,-0.459807,-0.019964546
1974-10,-0.36055824,-0.5458136,-0.17529581
1974-11,-0.34223896,-0.4873133,-0.19715564
1974-12,-0.35764015,-0.5501904,-0.16508316
1975-01,0.14000839,-0.04430167,0.32431924
1975-02,-0.0052793627,-0.17659128,0.1660334
1975-03,0.023287995,-0.17146485,0.21804157
1975-04,0.041323528,-0.13409379,0.21674168
1975-05,-0.0016445047,-0.17974097,0.17645277
1975-06,-0.013648559,-0.22806413,0.2007677
1975-07,-0.039322846,-0.22173832,0.14309342
1975-08,-0.13879877,-0.41386476,0.13626774
1975-09,0.04962535,-0.1686528,0.26790416
1975-10,-0.199738,-0.38449898,-0.014976218
1975-11,-0.3099865,-0.45416954,-0.16580248
1975-12,-0.31057435,-0.49973938,-0.121408515
1976-01,-0.08319419,-0.26686338,0.1004742
1976-02,-0.35909027,-0.5255575,-0.1926239
1976-03,-0.7397995,-0.9321734,-0.5474264
1976-04,-0.17052405,-0.34656265,0.005513718
1976-05,-0.31169516,-0.489079,-0.13431212
1976-06,-0.30537054,-0.5193521,-0.09138968
1976-07,-0.3012115,-0.48466823,-0.11775558
1976-08,-0.3011499,-0.5745524,-0.027747944
1976-09,-0.21826927,-0.4371481,0.0006088739
1976-10,-0.6879743,-0.87349266,-0.50245667
1976-11,-0.4457689,-0.5901482,-0.3013906
1976-12,-0.30484694,-0.4969965,-0.11269815
1977-01,-0.4155205,-0.60523623,-0.22581163
1977-02,0.096600644,-0.0804321,0.273626
1977-03,0.25244746,0.06046732,0.4444208
1977-04,0.26097673,0.076079056,0.4458673
1977-05,0.11991092,-0.0576041,0.29741856
1977-06,0.21577096,0.0004689485,0.4310669
1977-07,0.086042084,-0.096814044,0.26889107
1977-08,-0.0025235896,-0.2745036,0.2694516
1977-09,0.021452473,-0.19662167,0.23952061
1977-10,-0.051548116,-0.23618339,0.13308008
1977-11,0.40286627,0.2575124,0.54821116
1977-12,0.047161106,-0.1437403,0.23805566
1978-01,0.04303796,-0.14191729,0.22797357
1978-02,-0.04943799,-0.22208579,0.12318877
1978-03,0.13353,-0.06345404,0.3304956
1978-04,0.0023910226,-0.1736904,0.1784518
1978-05,-0.050284863,-0.22671284,0.12612253
1978-06,-0.16710024,-0.3835326,0.049315356
1978-07,-0.078050464,-0.26028514,0.10416428
1978-08,-0.25012177,-0.52810895,0.027852366
1978-09,-0.07527301,-0.29314986,0.14258717
1978-10,-0.0658243,-0.25085175,0.119183525
1978-11,0.13783704,-0.0065375757,0.28218648
1978-12,-0.13634099,-0.32766488,0.054963913
1979-01,-0.10625919,-0.2928392,0.08028268
1979-02,-0.304662,-0.47806007,-0.131305
1979-03,0.008793785,-0.19442487,0.2119774
1979-04,-0.24606374,-0.42661068,-0.06555623
1979-05,-0.07829959,-0.25730678,0.100667834
1979-06,0.10945869,-0.10851128,0.327396
1979-07,0.025093116,-0.15697324,0.20712037
1979-08,0.052494965,-0.22063614,0.3256
1979-09,0.07878392,-0.13867964,0.29621476
1979-10,0.219649,0.032901265,0.4063586
1979-11,0.11756036,-0.030297527,0.2653701
1979-12,0.62073386,0.42796606,0.81346476
1980-01,0.09746511,-0.09244158,0.28730986
1980-02,0.2392265,0.05742643,0.42096186
1980-03,-0.11076668,-0.3135325,0.091941096
1980-04,0.16031589,-0.020592785,0.34115952
1980-05,0.2728756,0.09417287,0.4515125
1980-06,0.13848755,-0.078162536,0.35508332
1980-07,0.06813794,-0.112012245,0.2482228
1980-08,0.084776275,-0.18718491,0.35669422
1980-09,0.09724969,-0.11939706,0.31384212
1980-10,0.1325021,-0.052093133,0.3170336
1980-11,0.24691834,0.101263754,0.3924921
1980-12,0.10905114,-0.08493689,0.3029785
1981-01,0.7375482,0.54292196,0.93208396
1981-02,0.60137326,0.41707125,0.7855799
1981-03,0.51365495,0.30619335,0.7210318
1981-04,0.41166002,0.22289126,0.60033566
1981-05,0.11086369,-0.068151206,0.28978038
1981-06,0.1467225,-0.07101064,0.36437488
1981-07,0.094781086,-0.084155664,0.2736196
1981-08,0.24291359,-0.028559854,0.5143223
1981-09,0.10705552,-0.11012702,0.32415712
1981-10,0.053129155,-0.13096936,0.23713216
1981-11,0.15400894,0.0057654288,0.30213383
1981-12,0.48031232,0.27785918,0.68267864
1982-01,-0.20882201,-0.4195322,0.0017716584
1982-02,0.10710472,-0.085658625,0.29974067
1982-03,-0.23440537,-0.4546391,-0.014283118
1982-04,0.0363384,-0.15382743,0.22637509
1982-05,-0.003556525,-0.18461128,0.17736259
1982-06,-0.119165264,-0.3353057,0.09686156
1982-07,0.025240794,-0.15685089,0.20719762
1982-08,0.008174005,-0.26381725,0.28007498
1982-09,0.08590024,-0.12956005,0.30124655
1982-10,-0.12734748,-0.3099485,0.055119038
1982-11,-0.13952835,-0.28405172,0.0048250603
1982-12,0.4080068,0.20844658,0.6074439
1983-01,0.7102464,0.49885282,0.92148536
1983-02,0.47558564,0.27660164,0.67440534
1983-03,0.35269243,0.13671026,0.5685232
1983-04,0.14123434,-0.046282545,0.32857683
1983-05,0.14982423,-0.033584945,0.33305514
1983-06,0.116478235,-0.099768564,0.33257383
1983-07,0.2614326,0.079554185,0.44313124
1983-08,0.32793325,0.057175618,0.59857017
1983-09,0.39430857,0.17729461,0.61117184
1983-10,0.20349255,0.018551765,0.38825652
1983-11,0.56067497,0.41664457,0.7044783
1983-12,0.12719986,-0.0708205,0.3250551
1984-01,0.13539676,-0.0722189,0.34281015
1984-02,-0.107612215,-0.31266457,0.0972353
1984-03,0.036649905,-0.1922793,0.26539567
1984-04,-0.11571123,-0.31209508,0.080458745
1984-05,0.22189818,0.03995812,0.40360737
1984-06,0.037003126,-0.18093754,0.2547511
1984-07,-0.011412801,-0.19187284,0.16881445
1984-08,0.03789044,-0.23428138,0.30990797
1984-09,-0.13541903,-0.34971377,0.07867975
1984-10,0.08313983,-0.10087483,0.2669262
1984-11,-0.16755106,-0.31483793,-0.020549493
1984-12,-0.51684874,-0.7166076,-0.31730023
1985-01,-0.0010954887,-0.20059203,0.19813803
1985-02,-0.27918056,-0.46607983,-0.0925621
1985-03,-0.09791859,-0.31776938,0.12169355
1985-04,-0.016212905,-0.20618124,0.17347918
1985-05,0.06014803,-0.123711236,0.24372186
1985-06,-0.04734784,-0.2659923,0.17105666
1985-07,-0.1416157,-0.3231445,0.03962399
1985-08,0.11563916,-0.15700577,0.38809168
1985-09,-0.032843582,-0.2504922,0.18456393
1985-10,0.025269464,-0.16162188,0.21188001
1985-11,-0.042064987,-0.1903645,0.10588049
1985-12,0.052992713,-0.14482687,0.25054705
1986-01,0.42805868,0.22896424,0.6268311
1986-02,0.19986603,0.010021862,0.38937247
1986-03,0.19084406,-0.031094206,0.4124935
1986-04,0.2536127,0.06439016,0.4424964
1986-05,0.18346687,-0.0031421934,0.36973232
1986-06,0.13369077,-0.08209235,0.34917682
1986-07,-0.0478501,-0.22732739,0.13126992
1986-08,0.01602773,-0.25387278,0.28569078
1986-09,-0.078647956,-0.29591137,0.13832042
1986-10,-0.007161543,-0.18912101,0.17444552
1986-11,-0.048195668,-0.19730072,0.100479126
1986-12,0.03010568,-0.17168993,0.23158358
1987-01,0.17949882,-0.025235336,0.3838573
1987-02,0.68131095,0.48152685,0.88071007
1987-03,-0.11113064,-0.3274711,0.10485433
1987-04,0.1845634,-0.011314661,0.38004878
1987-05,0.18094772,-0.009044843,0.3705354
1987-06,0.21395175,-0.002865292,0.4304141
1987-07,0.37262017,0.19226164,0.5525521
1987-08,0.20522681,-0.066487424,0.47665808
1987-09,0.31873897,0.10267132,0.5344507
1987-10,0.25854856,0.07698898,0.4396844
1987-11,0.1351853,-0.015575059,0.2854351
1987-12,0.53055334,0.32891512,0.7318101
1988-01,0.6570416,0.45114994,0.86249185
1988-02,0.28542757,0.0883495,0.48204443
1988-03,0.38037556,0.16487546,0.595454
1988-04,0.31033581,0.11013657,0.5100811
1988-05,0.36999246,0.17886093,0.56064844
1988-06,0.43514892,0.21358946,0.6562983
1988-07,0.3539883,0.17117676,0.53630257
1988-08,0.31444353,0.042029805,0.5865238
1988-09,0.37824807,0.16283481,0.5932394
1988-10,0.33710498,0.15341613,0.5202989
1988-11,0.08798362,-0.06324546,0.23861118
1988-12,0.4658423,0.26104766,0.67019314
1989-01,0.12272164,-0.08116572,0.32608896
1989-02,0.42367035,0.23070225,0.61608887
1989-03,0.3799721,0.16142505,0.5980341
1989-04,0.22289838,0.030143602,0.415103
1989-05,0.18261431,-0.0051298924,0.36979362
1989-06,0.15897414,-0.061747327,0.37921533
1989-07,0.20144834,0.018640013,0.38367647
1989-08,0.2297322,-0.042917762,0.5019935
1989-09,0.22385676,0.0045410953,0.44268906
1989-10,0.30092585,0.1141702,0.48711362
1989-11,0.06759732,-0.0793254,0.21379751
1989-12,0.3160236,0.116525866,0.5149898
1990-01,0.37697122,0.16609366,0.5872687
1990-02,0.5271806,0.3297057,0.7240359
1990-03,1.1812389,0.955469,1.406467
1990-04,0.5897846,0.39687452,0.78206044
1990-05,0.40522304,0.21923402,0.59055406
1990-06,0.44114217,0.22172678,0.6600001
1990-07,0.28870818,0.107686125,0.4690541
1990-08,0.3668826,0.09856933,0.6347402
1990-09,0.21828727,0.0053374995,0.4306626
1990-10,0.485167,0.30355152,0.6661086
1990-11,0.59446967,0.44196346,0.7461727
1990-12,0.39776576,0.18992409,0.6050188
1991-01,0.52102864,0.31859723,0.72276926
1991-02,0.52371424,0.31465465,0.7321051
1991-03,0.26616198,0.030727115,0.50100315
1991-04,0.5527674,0.3490863,0.755762
1991-05,0.30381513,0.107471064,0.49944693
1991-06,0.55785084,0.33593136,0.7791404
1991-07,0.39775512,0.21069773,0.5840647
1991-08,0.3336019,0.060228202,0.60646445
1991-09,0.35770825,0.14258124,0.5721854
1991-10,0.33888108,0.15557809,0.52142096
1991-11,0.24728604,0.09820607,0.39542666
1991-12,0.09845639,-0.110485986,0.30672958
1992-01,0.68557876,0.47151268,0.8989047
1992-02,0.5292709,0.31933984,0.73844707
1992-03,0.41511247,0.17530093,0.65426344
1992-04,0.07031571,-0.13624245,0.27610663
1992-05,0.112754405,-0.079739496,0.30442476
1992-06,0.04514973,-0.17823239,0.26782256
1992-07,-0.24896155,-0.43407217,-0.064707465
1992-08,-0.10013341,-0.37596402,0.1751231
1992-09,-0.23109646,-0.44553286,-0.01739904
1992-10,-0.19171192,-0.37251565,-0.011785258
1992-11,-0.2245416,-0.3798343,-0.07027092
1992-12,0.18207371,-0.02979544,0.3931949
1993-01,0.43631387,0.21477506,0.65704805
1993-02,0.4415745,0.24246028,0.63979304
1993-03,0.32872483,0.102841385,0.5538192
1993-04,0.17347758,-0.020944688,0.36698243
1993-05,0.21941501,0.026475037,0.4114305
1993-06,0.21765403,-0.0043858546,0.43889108
1993-07,0.13770673,-0.048578173,0.32303396
1993-08,0.100225635,-0.17465949,0.37446266
1993-09,-0.08751153,-0.30785766,0.13202555
1993-10,0.12951545,-0.050276544,0.30831498
1993-11,-0.3096016,-0.47226867,-0.14803217
1993-12,0.2702592,0.05487199,0.48481867
1994-01,0.34949946,0.13456936,0.5635023
1994-02,-0.15555009,-0.35889772,0.046817232
1994-03,0.30361488,0.06685595,0.53953236
1994-04,0.41690403,0.21052988,0.6223123
1994-05,0.35421196,0.15714052,0.5502717
1994-06,0.3994663,0.18024293,0.6177807
1994-07,0.23664685,0.046936363,0.42530617
1994-08,0.26275432,-0.014633197,0.539424
1994-09,0.31610924,0.09591205,0.53540146
1994-10,0.4592636,0.27367824,0.6437743
1994-11,0.53017515,0.37271512,0.6863671
1994-12,0.40586406,0.19565667,0.61512333
1995-01,0.820429,0.62010646,1.0196457
1995-02,1.2002932,0.999118,1.400367
1995-03,0.4754174,0.24922857,0.7006273
1995-04,0.4883919,0.2957146,0.67991906
1995-05,0.35356045,0.16679004,0.5391441
1995-06,0.5277933,0.30659702,0.7479884
1995-07,0.40369046,0.21858877,0.5875946
1995-08,0.5993907,0.3232006,0.8747797
1995-09,0.48466346,0.26928473,0.6990139
1995-10,0.6813755,0.49842614,0.86311316
1995-11,0.5499305,0.39514416,0.70328283
1995-12,0.19563094,-0.016085241,0.40630096
1996-01,0.21147157,0.005762422,0.41599026
1996-02,0.44685817,0.24311648,0.6493978
1996-03,0.13912842,-0.08685775,0.36403146
1996-04,-0.012788618,-0.19794029,0.1710395
1996-05,0.31573635,0.12999664,0.50015676
1996-06,0.25385982,0.03190575,0.474711
1996-07,0.26830927,0.08052134,0.45479232
1996-08,0.24630864,-0.031815004,0.52355295
1996-09,0.11484602,-0.104675,0.33325186
1996-10,0.1600005,-0.024690906,0.34336504
1996-11,0.21632427,0.054722108,0.37640828
1996-12,0.3799412,0.15898558,0.5997889
1997-01,0.4063488,0.20087086,0.6105154
1997-02,0.5756302,0.38275975,0.767103
1997-03,0.5238816,0.30228922,0.7442585
1997-04,0.3339654,0.1506563,0.5158034
1997-05,0.31894735,0.13295318,0.5034918
1997-06,0.52224725,0.30301353,0.74025244
1997-07,0.38878158,0.20177636,0.574345
1997-08,0.48822418,0.21273124,0.76274043
1997-09,0.53924936,0.32385412,0.75339407
1997-10,0.6198764,0.43693036,0.8013483
1997-11,0.5383582,0.37764087,0.69739556
1997-12,0.5841052,0.36009824,0.80690986
1998-01,0.7257616,0.512563,0.93757594
1998-02,1.3429898,1.1518493,1.5325853
1998-03,0.7633948,0.5482268,0.97719127
1998-04,1.025606,0.839933,1.209688
1998-05,0.82636875,0.6462489,1.0048481
1998-06,0.89448,0.68096066,1.1066172
1998-07,0.9868513,0.80123657,1.1708744
1998-08,0.9048833,0.6285327,1.1801674
1998-09,0.7439966,0.52747416,0.95915633
1998-10,0.71537197,0.53231883,0.896811
1998-11,0.33114213,0.17225055,0.4881715
1998-12,0.8356483,0.6177438,1.0521986
1999-01,0.7548984,0.5475752,0.9606682
1999-02,1.1594497,0.96587294,1.3513615
1999-03,0.23032759,0.01627352,0.44287732
1999-04,0.50235206,0.31690094,0.6860648
1999-05,0.38455725,0.1987618,0.5686175
1999-06,0.4588732,0.24380091,0.67244834
1999-07,0.47566405,0.28714213,0.6624762
1999-08,0.43676907,0.15655385,0.7158368
1999-09,0.5816475,0.36161652,0.80021524
1999-10,0.53679603,0.34937975,0.72249234
1999-11,0.3973963,0.23689535,0.5558854
1999-12,0.72714716,0.5110386,0.9417657
2000-01,0.30072463,0.09632981,0.5034059
2000-02,0.9055126,0.70770097,1.1015532
2000-03,0.7222623,0.49341646,0.949579
2000-04,0.91123635,0.72155255,1.0990725
2000-05,0.50200903,0.3162406,0.6858904
2000-06,0.43332094,0.22229944,0.64268315
2000-07,0.40753496,0.21981114,0.5933916
2000-08,0.5009216,0.2232351,0.7773493
2000-09,0.37984672,0.16076383,0.5973319
2000-10,0.2714738,0.08770008,0.45333976
2000-11,0.06310278,-0.094878525,0.21886078
2000-12,0.22295476,0.010518493,0.43374288
2001-01,0.6444401,0.42017674,0.86701244
2001-02,0.50725085,0.29691496,0.71578264
2001-03,0.7654016,0.5413095,0.9878013
2001-04,0.6704458,0.48206192,0.85681325
2001-05,0.70652074,0.5047913,0.9063685
2001-06,0.53990287,0.3207669,0.7573078
2001-07,0.6268318,0.43323073,0.81847143
2001-08,0.7740424,0.49324226,1.0534939
2001-09,0.57607186,0.36142242,0.78895384
2001-10,0.62671465,0.44270676,0.8086577
2001-11,1.002694,0.839689,1.1633645
2001-12,0.55617255,0.33653605,0.77408206
2002-01,1.1470655,0.9110651,1.3813305
2002-02,1.3407382,1.1243947,1.5551875
2002-03,1.1667624,0.94269705,1.3889991
2002-04,0.6855892,0.49632546,0.8726846
2002-05,0.58512574,0.388375,0.7797916
2002-06,0.64636534,0.42477396,0.86610764
2002-07,0.801853,0.60935014,0.9922244
2002-08,0.6220559,0.3412978,0.9013569
2002-09,0.6753575,0.45917332,0.88964593
2002-10,0.47813478,0.29430524,0.65973115
2002-11,0.72364855,0.5631767,0.8815573
2002-12,0.3217461,0.106507696,0.5350804
2003-01,0.9986856,0.786818,1.2084689
2003-02,0.6350527,0.42297384,0.8450494
2003-03,0.5614905,0.32889876,0.7921852
2003-04,0.6271683,0.43730778,0.8147002
2003-05,0.8082227,0.6160784,0.99806637
2003-06,0.6851698,0.46337947,0.90497
2003-07,0.63586277,0.44041312,0.8290511
2003-08,0.7909251,0.5109294,1.0693469
2003-09,0.7471286,0.5297356,0.9624908
2003-10,0.9174531,0.731715,1.1008102
2003-11,0.6757095,0.51375675,0.83492583
2003-12,1.0317528,0.8135655,1.2479169
2004-01,0.75238675,0.53931797,0.9632289
2004-02,1.0605601,0.85586214,1.2629393
2004-03,0.9223127,0.6984201,1.1440872
2004-04,0.685731,0.49359986,0.87538975
2004-05,0.3228582,0.13121061,0.5120272
2004-06,0.48150504,0.26339853,0.69743687
2004-07,0.38376805,0.1901203,0.5749631
2004-08,0.44856617,0.168343,0.7271
2004-09,0.5438723,0.3291495,0.7563857
2004-10,0.7332919,0.5496052,0.91439116
2004-11,1.0445085,0.8765929,1.2095895
2004-12,0.46540645,0.24165235,0.6870413
2005-01,0.9251874,0.70863044,1.1393968
2005-02,0.56291425,0.35809758,0.7652471
2005-03,0.8822379,0.6470524,1.1152635
2005-04,0.99465513,0.8070485,1.1795468
2005-05,0.72439605,0.5375031,0.9085635
2005-06,0.8617458,0.6409405,1.0802491
2005-07,0.80005324,0.60601,0.99147284
2005-08,0.69330454,0.41229033,0.9725136
2005-09,0.95902646,0.7397696,1.175965
2005-10,1.0792769,0.8901121,1.2657495
2005-11,1.1602377,0.99553627,1.3218398
2005-12,0.7502981,0.5352959,0.96293545
2006-01,0.5917591,0.35246876,0.8287798
2006-02,0.962262,0.762783,1.1590127
2006-03,0.76242626,0.52871096,0.9938173
2006-04,0.583388,0.39565712,0.7682172
2006-05,0.50061667,0.3126898,0.685645
2006-06,0.8450314,0.62235516,1.0652668
2006-07,0.7670873,0.57436824,0.95698094
2006-08,0.7553143,0.4777532,1.0309211
2006-09,0.7670752,0.55065024,0.98098814
2006-10,1.0079479,0.8257565,1.1871481
2006-11,0.89504737,0.7331107,1.053611
2006-12,1.2497715,1.0254076,1.4717132
2007-01,1.6314589,1.4071864,1.8531458
2007-02,0.9680207,0.7526322,1.1807154
2007-03,0.9656125,0.73386955,1.194854
2007-04,1.0926632,0.90290034,1.279363
2007-05,0.81008554,0.62300473,0.9940588
2007-06,0.6124082,0.3960835,0.8260511
2007-07,0.6278077,0.43482533,0.817779
2007-08,0.7960408,0.5153364,1.0746837
2007-09,0.8212945,0.6013077,1.0386447
2007-10,0.9424704,0.75461394,1.1272323
2007-11,0.76539236,0.6053471,0.92179376
2007-12,0.7996134,0.5763337,1.0202959
2008-01,0.33745125,0.11658487,0.55552125
2008-02,0.43676367,0.23128545,0.63923305
2008-03,1.2057726,0.96339244,1.4456074
2008-04,0.55575764,0.36673826,0.74150175
2008-05,0.48762006,0.3027424,0.66914773
2008-06,0.59736466,0.37397665,0.8179882
2008-07,0.69842184,0.502867,0.89081264
2008-08,0.56206197,0.28058314,0.8413519
2008-09,0.6030691,0.3844006,0.8189128
2008-10,0.9838972,0.8005022,1.1639147
2008-11,1.0126024,0.84955525,1.1718411
2008-12,0.684215,0.46314028,0.902496
2009-01,0.7875386,0.56377923,1.0083646
2009-02,0.8324688,0.62027735,1.0415647
2009-03,0.63829666,0.39183506,0.88209814
2009-04,0.84043634,0.64686483,1.0306093
2009-05,0.58008987,0.38873276,0.7680085
2009-06,0.65035945,0.42802882,0.86973757
2009-07,0.586119,0.39517087,0.77362114
2009-08,0.83278376,0.5511746,1.1120678
2009-09,1.0022181,0.78584194,1.2155595
2009-10,0.7407026,0.55561364,0.9222344
2009-11,0.82797074,0.65736014,0.9947156
2009-12,0.5366165,0.3063563,0.7640272
2010-01,0.80264735,0.58308613,1.0190358
2010-02,0.9295464,0.7052152,1.1507733
2010-03,1.1278374,0.89096767,1.3617692
2010-04,1.105034,0.9087298,1.2977829
2010-05,0.9609313,0.77193916,1.146228
2010-06,0.99603385,0.7747105,1.2142102
2010-07,0.9810135,0.78799117,1.170419
2010-08,0.8887482,0.6104393,1.164561
2010-09,0.8006258,0.5828693,1.0151829
2010-10,0.91469204,0.73310894,1.0924257
2010-11,1.210754,1.0395265,1.3778938
2010-12,0.46642488,0.24534482,0.6843543
2011-01,0.45598873,0.2244949,0.68429744
2011-02,0.41552383,0.19809414,0.6295592
2011-03,0.5858683,0.3354878,0.8333069
2011-04,0.8905426,0.6899637,1.0874369
2011-05,0.5702992,0.3748351,0.7619804
2011-06,0.81449443,0.5906222,1.0350716
2011-07,0.7966271,0.5995508,0.9899521
2011-08,0.7739966,0.4943598,1.0510024
2011-09,0.8475207,0.63259584,1.0590111
2011-10,0.96398336,0.7795397,1.1444132
2011-11,0.6690027,0.49270448,0.8410973
2011-12,0.87653995,0.64075243,1.1092012
2012-01,0.5515815,0.31308618,0.78680867
2012-02,0.38848463,0.15874746,0.6148272
2012-03,0.6106575,0.33785647,0.88060606
2012-04,1.0646622,0.86064875,1.2648453
2012-05,0.9791106,0.7911344,1.1629227
2012-06,0.96102417,0.73666906,1.181902
2012-07,0.8167926,0.62217385,1.0073924
2012-08,0.8594242,0.57606685,1.1400363
2012-09,0.918418,0.6956769,1.1376562
2012-10,0.907398,0.71824217,1.0924163
2012-11,0.9282242,0.7489986,1.1030774
2012-12,0.31509316,0.08741251,0.5393482
2013-01,0.92674345,0.68080986,1.1693319
2013-02,0.97328126,0.7141968,1.2291925
2013-03,0.711791,0.45804322,0.96229804
2013-04,0.65283126,0.4413691,0.86039346
2013-05,0.8227388,0.626253,1.0150212
2013-06,0.9076268,0.6858904,1.1256472
2013-07,0.71089375,0.5173126,0.9002069
2013-08,0.74731463,0.4686575,1.0230238
2013-09,0.79911935,0.5787205,1.0157791
2013-10,0.900132,0.7076517,1.0883194
2013-11,1.1062362,0.91955525,1.2884878
2013-12,0.87363786,0.6403824,1.1033636
2014-01,0.9499517,0.6767531,1.2199794
2014-02,0.49671665,0.2469813,0.7429792
2014-03,1.0030029,0.73378444,1.2690029
2014-04,1.0475178,0.83826697,1.2526115
2014-05,0.9341376,0.7451385,1.1185235
2014-06,0.89100826,0.6699583,1.108127
2014-07,0.7323184,0.53942305,0.920696
2014-08,0.8373102,0.56147283,1.1100073
2014-09,0.83708817,0.61923003,1.0509565
2014-10,0.9851647,0.79516476,1.1705763
2014-11,0.7171471,0.5240182,0.90576386
2014-12,1.1038941,0.8556649,1.3486292
2015-01,1.2189461,0.95134455,1.483138
2015-02,1.2142395,0.9481209,1.4769293
2015-03,1.2638626,0.98629045,1.5381492
2015-04,0.9159363,0.6925331,1.135244
2015-05,1.0376817,0.8420316,1.2286419
2015-06,1.1014651,0.87611717,1.3227535
2015-07,0.8414956,0.64684343,1.0314332
2015-08,1.0108012,0.72936827,1.2889943
2015-09,1.0687982,0.85069346,1.282706
2015-10,1.23443,1.0404084,1.4237213
2015-11,1.3235617,1.1295266,1.5128667
2015-12,1.788192,1.5435826,2.0290668
2016-01,1.4339335,1.1499132,1.7145783
2016-02,2.1274102,1.8684751,2.3826382
2016-03,1.9685618,1.6970025,2.2365885
2016-04,1.6204523,1.4044397,1.8320069
2016-05,1.1253039,0.9306144,1.3150349
2016-06,1.1208256,0.90168697,1.3355712
2016-07,1.0673789,0.87160933,1.258218
2016-08,1.2288862,0.9515072,1.5028079
2016-09,1.1999351,0.9858846,1.4094859
2016-10,0.8491784,0.6657166,1.0273696
2016-11,0.8073974,0.5998725,1.0102779
2016-12,1.1009885,0.8559668,1.3420892
2017-01,1.354499,1.0493454,1.6563555
2017-02,1.597751,1.3377156,1.8539091
2017-03,1.4948276,1.202456,1.7837563
2017-04,1.106876,0.87855184,1.3307745
2017-05,0.955649,0.7617371,1.1443297
2017-06,0.9930567,0.7635175,1.218194
2017-07,1.0883595,0.8869868,1.2847
2017-08,1.095794,0.8195749,1.368366
2017-09,1.0615185,0.8492968,1.2689714
2017-10,1.0355641,0.84964085,1.2160246
2017-11,0.9335627,0.7200708,1.1423148
2017-12,1.2388481,0.9833523,1.4903966
2018-01,0.99466175,0.715242,1.2702999
2018-02,0.9855413,0.7134663,1.2537311
2018-03,1.1180395,0.82944053,1.4029787
2018-04,1.1078583,0.8882126,1.3226726
2018-05,0.97256476,0.7766247,1.1630733
2018-06,0.8870005,0.66410434,1.1051373
2018-07,1.0472113,0.8491823,1.2398676
2018-08,0.8419933,0.5678952,1.1122353
2018-09,0.93511754,0.72217274,1.1430755
2018-10,1.0165138,0.8333568,1.1938481
2018-11,0.732995,0.5155801,0.9455278
2018-12,1.0452654,0.79918486,1.2870436
2019-01,1.2469152,0.95422584,1.5358238
2019-02,1.1170479,0.7978828,1.4327493
2019-03,1.5183464,1.206056,1.827096
2019-04,1.2897248,1.0263796,1.5488615
2019-05,0.89580345,0.67005277,1.1166302
2019-06,1.1807387,0.9486788,1.4080112
2019-07,0.9828842,0.7856276,1.1744859
2019-08,0.952914,0.6803368,1.2214273
2019-09,1.0839725,0.86941445,1.2933434
2019-10,1.1781439,0.9848915,1.3656207
2019-11,1.0116851,0.79661214,1.2215838
2019-12,1.5672141,1.304785,1.8254195
2020-01,1.8597163,1.56532,2.1501777
2020-02,1.9533603,1.648648,2.254273
2020-03,1.7788893,1.4514314,2.1028144
2020-04,1.2259122,0.95214015,1.4954487
2020-05,1.0875682,0.8668759,1.3029836
2020-06,1.1302674,0.892777,1.3628625
2020-07,0.9267145,0.71727645,1.1305847
2020-08,1.0386608,0.7667476,1.3063089
2020-09,1.2075704,0.9929633,1.4167473
2020-10,1.0805143,0.8884166,1.2665259
2020-11,1.5293561,1.3066032,1.7468823
2020-12,0.93460673,0.6717994,1.1929988
2021-01,0.9901759,0.6649265,1.3117056
2021-02,0.85731995,0.5707227,1.1396888
2021-03,1.1154468,0.7793609,1.4479344
2021-04,0.9696905,0.70288545,1.2319483
2021-05,0.9402001,0.7243418,1.150412
2021-06,1.2065732,0.9726181,1.435329
2021-07,1.1908034,0.9940615,1.3813331
2021-08,1.0739765,0.7921774,1.3514743
2021-09,1.1133578,0.8951488,1.3259827
2021-10,1.163066,0.97048086,1.3493005
2021-11,1.0202696,0.81227654,1.2223966
2021-12,1.1264175,0.8525102,1.3958974
2022-01,1.1914136,0.90385437,1.47457
2022-02,1.0642151,0.7658674,1.3583215
2022-03,1.2294531,0.8828947,1.5723671
2022-04,1.1049266,0.82753915,1.377747
2022-05,0.89955544,0.68722916,1.1058798
2022-06,1.0839671,0.84836197,1.314178
2022-07,1.0380658,0.83686644,1.2329208
2022-08,1.1009645,0.8237227,1.3736371
2022-09,1.0192354,0.8008042,1.2318372
2022-10,1.1431938,0.9517933,1.3279138
2022-11,0.87141204,0.66132694,1.0754292
2022-12,0.76411974,0.5032855,1.0200919
2023-01,1.2363112,0.9112811,1.5572826
2023-02,1.3436515,1.0167283,1.6665399
2023-03,1.6130432,1.265927,1.9563619
2023-04,0.9420577,0.65123475,1.2283374
2023-05,1.0489444,0.823637,1.268356
2023-06,1.354061,1.1194732,1.5829921
2023-07,1.4699153,1.2635369,1.6698405
2023-08,1.585229,1.307069,1.8586355
2023-09,1.7341567,1.5200837,1.9420154
2023-10,1.8120363,1.6165938,2.0006518
2023-11,1.8051775,1.5775025,2.0270197
2023-12,1.6771758,1.3898399,1.9599123
2024-01,1.598795,1.2656147,1.9278476
2024-02,1.9214271,1.6061221,2.2323673
2024-03,1.827694,1.458975,2.1926875
2024-04,1.7799731,1.5105295,2.0442955
2024-05,1.2159276,0.98478,1.4410846
2024-06,1.5086167,1.2699876,1.7414477
2024-07,1.343558,1.1335595,1.546944
2024-08,1.5248668,1.2531774,1.791478
2024-09,1.6088296,1.389742,1.8215872
2024-10,1.69634,1.5041041,1.8813293
2024-11,1.8441886,1.594328,2.0885177
2024-12,1.6460057,1.2908602,1.9972818
